iteration,cycles,instructions,cache-misses,branch-misses,page-faults,context-switches,cpu-migrations
1,346869828,486196256,652158,1832893,7801,231,9
2,116732485,179442123,223399,548585,2501,65,5
3,114711829,179797480,233498,555385,2509,66,4
4,110337232,179367710,193052,545802,2502,67,4
5,115272804,179593122,186491,564159,2504,68,6
6,113039668,179782657,207104,540680,2528,66,7
7,116644911,179587176,196172,554188,2499,64,5
8,116142756,180173941,210687,546042,2534,66,2
9,108557997,179054919,190454,549295,2506,64,2
10,112778833,180481239,191423,553785,2527,64,4
11,117007816,179574923,193392,541835,2506,61,4
12,114357981,179466422,198653,551954,2504,64,3
13,116330955,180101915,214486,557224,2506,67,4
14,112237040,179564348,195750,545791,2509,66,2
15,118144055,179575731,206008,539612,2500,64,2
16,113655356,179120892,210337,546253,2504,65,3
17,114657712,179627166,199837,544552,2498,66,0
18,112019124,179446646,199667,537677,2516,62,4
19,115613677,180047783,202438,548541,2505,65,2
20,111828311,179445716,194632,549716,2500,65,2
21,123050681,179433528,190956,558325,2505,64,6
22,113199124,179303684,190106,552749,2505,64,4
23,108612261,179971962,162265,555113,2512,65,6
24,115860313,180423516,196672,550366,2518,67,3
25,114426990,180151461,200313,558085,2498,69,3
26,110975030,179688280,180693,539108,2515,65,5
27,113086338,179598772,198111,555017,2510,62,2
28,111106719,179279664,191950,541559,2496,66,3
29,111560376,179768221,204323,550802,2508,69,2
30,109527356,179443277,191605,541147,2502,64,2
31,110786601,179109503,212244,550780,2502,65,4
32,113566066,179473153,195313,548204,2502,63,3
33,109606068,178703921,192105,535131,2491,67,2
34,110252306,179464277,184868,544927,2510,64,3
35,113652813,179704897,212458,542912,2504,66,2
36,110574822,179480035,179247,533978,2506,65,5
37,115865491,180394567,199418,543135,2505,67,2
38,111969304,179655900,190105,538039,2509,66,4
39,111979011,179178806,188482,544059,2503,67,5
40,112561909,179893433,194533,546506,2507,63,2
41,121369990,179113305,200552,556721,2499,65,3
42,113905390,180297903,192015,551396,2503,65,2
43,111293545,179681600,191875,539839,2504,63,5
44,112713855,179572044,212431,544258,2503,64,1
45,109521671,179617228,194178,540743,2506,69,3
46,113688675,179630039,201967,563764,2504,65,2
47,112347484,179844163,196800,544434,2503,64,5
48,113226674,179702462,202450,549288,2502,69,2
49,112518202,179837219,205040,552413,2511,64,7
50,110279519,179939533,182894,540726,2504,65,1
51,112250239,179719215,200359,543696,2503,64,7
52,108261037,179891393,171267,540893,2506,66,4
53,110354765,179400884,208213,549975,2503,64,0
54,110791063,179277608,199881,546677,2500,67,4
55,117429056,179905292,204885,546316,2509,62,3
56,113913350,179654909,192711,548979,2503,62,2
57,107538776,179757531,176039,542203,2503,66,5
58,116690041,179899719,211537,557983,2505,67,6
59,113112814,179859575,198623,552323,2506,66,2
60,114421226,179563547,183879,542131,2527,65,5
61,111875256,179681256,206634,547441,2501,61,1
62,113862233,179841504,214161,550300,2506,66,4
63,112638535,180387953,201315,550687,2533,65,3
64,113446936,179842683,202273,546607,2504,65,4
65,109910108,179803362,187524,554350,2508,65,4
66,109029184,179590134,177735,556918,2505,70,1
67,113767422,180350488,197518,544056,2529,65,1
68,110632700,179911347,186260,552890,2502,67,4
69,111379269,179939374,212013,551856,2509,64,4
70,110408712,179767963,199470,542683,2498,66,1
71,113487324,179829502,186101,541877,2533,66,3
72,114501770,179383855,205415,554695,2501,65,5
73,113915753,180063962,198292,544229,2510,62,2
74,112680713,179791491,195513,548497,2493,66,5
75,113803248,179843615,185094,556826,2498,66,4
76,111887355,179226378,191501,553812,2496,68,5
77,111547336,179824490,188313,540323,2498,66,3
78,112598220,180443415,196373,553313,2544,72,3
79,114482572,179735283,206479,547664,2499,66,2
80,113080458,179742085,201335,547599,2510,63,4
81,114170516,180000906,208573,544773,2512,65,3
82,115235238,180055321,187051,544512,2500,66,5
83,111944147,179471729,194822,547377,2501,64,11
84,113775021,179481395,197586,549235,2498,64,2
85,109964360,179652675,197177,548820,2505,69,2
86,112169717,179877692,189568,546230,2499,67,4
87,114950222,179644406,204437,544745,2500,64,7
88,113572672,179713064,212126,545892,2514,66,6
89,112625687,179189315,171963,544922,2510,64,2
90,114136486,179605169,196227,553133,2504,65,1
91,112260615,179415086,207624,539855,2494,64,1
92,112684129,179511504,180111,545513,2513,69,6
93,111562193,179883204,202624,542314,2502,64,6
94,114236820,180198344,195160,551118,2493,61,1
95,114352910,180044421,203797,553283,2512,68,6
96,114291313,179767770,198128,535851,2511,63,5
97,112518403,179826225,184994,547860,2503,70,4
98,111627189,179391960,206867,546289,2507,64,4
99,112288559,179450214,186714,547390,2513,64,5
100,109308933,179542946,186573,547732,2501,66,1
101,116686787,179934211,186014,550272,2524,67,4
102,111859789,179795054,181878,542075,2493,69,7
103,116752885,180034680,201467,549154,2528,66,4
104,113740054,179871146,196072,552788,2511,64,4
105,111518540,179632934,192782,539172,2495,66,2
106,116984380,180152131,206276,550839,2520,64,3
107,110483007,179823923,196786,543622,2504,66,1
108,116361350,179283097,209136,552930,2505,64,1
109,112096457,179858433,193103,545445,2509,67,7
110,111898467,179882055,192518,538611,2524,66,0
111,112474897,179585495,195745,539766,2503,62,0
112,112120133,179067893,198743,539348,2505,65,5
113,117700417,179736593,208734,548570,2501,67,2
114,112207150,179568335,179062,547528,2504,67,8
115,109360879,179209136,179943,540837,2504,67,4
116,116383088,179200972,202571,555980,2508,64,3
117,113981850,179535314,202482,539319,2505,65,4
118,116166280,179631925,201702,553046,2501,69,5
119,113672528,180076507,200885,535548,2520,62,5
120,115464124,179561107,184718,545169,2503,65,2
121,111815978,179886567,189009,539982,2527,65,1
122,111118266,179649476,185813,549682,2540,63,2
123,114228353,180007791,198435,545443,2499,66,0
124,112942826,179905652,190643,541357,2492,70,4
125,114614083,179205591,195620,545118,2502,71,5
126,111737944,180098524,177841,565980,2510,67,1
127,110848370,180031801,197160,547648,2528,64,4
128,112436823,179415182,198329,542944,2498,68,4
129,117105722,179765416,198020,558777,2501,67,6
130,114680588,179753145,208106,552471,2503,66,3
131,112623401,180219003,198851,541885,2499,67,5
132,114883832,179422243,188884,553175,2494,64,2
133,112144093,179717133,203666,547455,2497,67,2
134,109986975,179310451,186849,543124,2508,65,5
135,111084820,180079160,180240,545737,2528,67,6
136,110928391,179692168,199589,553520,2498,66,2
137,111345296,179752130,198155,539220,2500,67,6
138,113213965,179859819,182487,550715,2506,66,7
139,111598176,179534380,210045,548247,2507,66,0
140,110671831,179472130,182747,544852,2501,68,2
141,114492661,179954620,203080,548418,2494,67,3
142,113966981,179508017,199127,552121,2503,67,7
143,113139921,180130493,199251,550069,2504,67,3
144,112030640,179479816,190548,542934,2501,63,1
145,109076049,180042320,185501,545534,2506,64,2
146,113241790,179770860,196358,541893,2500,66,5
147,115783665,180069892,196610,549479,2540,63,3
148,112449920,179390713,194189,543425,2508,65,4
149,108848705,179455488,179586,553621,2504,64,4
150,111454381,179509227,196535,540610,2506,65,3
151,116615537,179764706,190061,543740,2497,66,4
152,111502489,179730385,184991,543429,2521,70,3
153,114456562,179082494,196331,553530,2498,67,5
154,114224448,179605938,188976,545720,2496,65,4
155,109224454,179633366,184735,531996,2504,66,5
156,109261894,180462742,199023,549784,2498,68,4
157,114503505,180475791,214827,540987,2507,64,4
158,109603918,180169200,191945,547451,2514,64,7
159,111800257,179632846,197116,554535,2495,64,2
160,117883582,179713269,199196,540870,2503,63,4
161,110447019,179268538,182242,544132,2503,64,1
162,111557855,179982721,184153,552705,2500,71,4
163,110236307,180287086,177501,554966,2522,66,5
164,112511011,179568188,196764,542636,2507,64,1
165,115153821,179757645,192876,554450,2501,65,4
166,113886761,179763444,226578,549483,2505,65,4
167,121388307,179824771,224316,550290,2535,62,4
168,114794122,179817806,220024,541676,2505,69,2
169,112524828,180186719,221687,546234,2518,66,4
170,114013417,179498379,199429,548154,2513,64,2
171,114207857,179607890,199319,541547,2512,62,6
172,115492942,179738199,198630,541996,2498,65,4
173,114752585,179987372,205287,547273,2538,63,4
174,113414813,179893492,208548,556467,2511,65,7
175,115918242,179976303,208076,550702,2508,63,5
176,110170825,179901981,192952,547517,2505,68,2
177,111154902,179074193,187780,544063,2500,69,5
178,111485797,179164863,175330,543575,2504,64,2
179,107911948,179224442,180521,543592,2499,63,3
180,108947991,179374623,181821,546753,2503,66,2
181,112180525,179964588,199571,561925,2498,64,3
182,115765104,180045923,207485,557855,2523,68,4
183,113109565,179476301,201744,541700,2501,63,3
184,115668706,180170655,205098,555145,2521,64,2
185,116992819,180044094,189548,548228,2513,62,2
186,111197625,179660632,198185,543194,2498,65,5
187,109143065,179593141,179217,557511,2500,66,5
188,113756465,180280966,204462,557289,2506,65,7
189,113532158,179977239,193645,545445,2515,66,2
190,111892089,179133013,196600,540130,2509,63,0
191,115559266,179523225,195154,541904,2504,65,5
192,110329238,179797470,184347,535298,2504,62,4
193,114502334,179825487,208997,548218,2509,66,3
194,112551405,179885513,201340,555760,2500,67,3
195,120246681,179791274,196458,550436,2515,66,4
196,113343849,179399094,197762,554453,2509,65,3
197,109597556,179653429,183204,558992,2495,71,2
198,116016774,179724949,200480,542545,2493,65,2
199,110564833,180034819,199203,554822,2506,68,4
200,110918174,180600512,200530,554368,2538,66,4
201,116273964,180170072,214138,551615,2534,63,3
202,111405269,179730557,199527,551229,2516,65,5
203,110809769,179761858,183135,542476,2502,68,3
204,116788332,180054172,214945,551760,2535,65,5
205,111298694,180177899,176977,557439,2525,64,5
206,114303957,179596747,183701,538588,2503,67,5
207,116074588,179150261,211948,542964,2502,64,3
208,110801466,179450274,191453,541646,2500,68,5
209,115531892,180274493,208196,551857,2536,65,8
210,110733842,179909430,189837,557228,2503,67,4
211,114569492,179902900,189240,554045,2499,64,6
212,109247641,180032933,179129,544500,2508,63,1
213,109898707,179983488,180134,541795,2497,66,1
214,115557550,179292030,182348,547668,2504,64,4
215,111089988,179676103,186486,552556,2497,66,3
216,118181073,179865374,199923,543194,2505,63,4
217,111449587,180099936,194173,543214,2519,70,4
218,115056637,179570944,204110,542310,2497,65,4
219,107797004,179624505,180026,542899,2503,63,3
220,113439225,180233745,187374,552815,2534,64,5
221,112897372,179457456,187230,554489,2496,68,3
222,113516298,179508186,193727,538312,2503,66,2
223,110202914,179298725,177066,539617,2498,68,8
224,109535276,179438044,177492,560763,2505,67,5
225,114762224,180162725,187005,540054,2534,65,4
226,116240497,179958653,201090,545389,2520,62,5
227,110527586,179121009,189148,546140,2501,63,3
228,118716746,179753081,212417,548234,2529,65,6
229,113147840,179451334,181861,543315,2496,69,6
230,117617933,179830888,195620,554301,2499,65,2
231,112781807,179860640,197643,551077,2501,66,3
232,111875698,179248189,182133,530393,2502,63,4
233,114271953,180202081,206250,556226,2530,67,6
234,110196984,179554493,183082,551780,2506,64,4
235,114551369,180077290,205401,544703,2509,66,7
236,109421969,180146194,195719,555028,2511,66,6
237,113029694,179551085,181390,554991,2505,63,4
238,118585832,179991060,201231,549466,2505,69,3
239,110473063,180097252,178521,543014,2503,64,5
240,110025640,179676151,196495,543461,2494,65,3
241,114429537,179665357,195679,553118,2525,63,1
242,111666823,179725056,200315,547287,2499,68,9
243,116134888,179578962,201684,550566,2500,71,5
244,113962195,179118029,181601,543076,2500,64,2
245,112527901,179942550,185768,549511,2524,66,6
246,112359937,179644891,210379,546264,2502,61,4
247,108546448,179362379,177893,544551,2503,67,1
248,111415359,180417187,201469,544217,2522,66,1
249,112622760,179979088,201015,548390,2507,66,2
250,112337957,179318683,184242,548474,2499,64,4
251,112709480,179444062,184156,544504,2504,62,0
252,111784452,179327393,202764,549035,2503,64,4
253,112476956,180295055,196227,549566,2522,69,1
254,114683168,180030173,218740,539147,2497,67,4
255,113084661,179909601,193421,557402,2501,65,2
256,114053316,179668026,203348,545543,2499,64,5
257,107759947,179419229,184716,554484,2498,67,2
258,110900659,179552245,203940,548232,2498,65,2
259,109765321,179398291,192925,545684,2497,66,2
260,113142019,180238885,197142,549587,2501,70,3
261,113704385,179344499,198807,546658,2498,68,5
262,110519364,179179858,203991,549580,2505,68,4
263,114592786,179403145,208814,556370,2495,66,4
264,114338049,179543430,195059,559794,2508,65,2
265,112979929,179536550,189315,546232,2501,65,2
266,112598284,179150595,194115,545253,2502,66,5
267,114565118,179776824,195455,547447,2503,63,1
268,113027395,179509587,187123,545203,2497,67,5
269,114642359,180284504,213546,558213,2536,66,4
270,112455774,179939060,198117,549585,2532,66,4
271,111819627,180335770,202606,550023,2539,63,2
272,111366815,179647164,197796,550444,2502,64,3
273,113728376,180445856,198162,546191,2527,65,4
274,112079136,179806631,193650,541259,2499,65,2
275,115222120,179692378,206024,544515,2499,65,5
276,111672417,179098802,192509,546067,2506,65,3
277,116537589,179170981,199937,551966,2505,64,3
278,112122165,179454705,190308,550204,2486,67,4
279,114241699,179777394,188059,544222,2505,65,2
280,116069754,179457610,191678,551624,2507,64,5
281,113233975,179794954,183644,543389,2499,63,3
282,113369293,179820738,199851,542842,2504,67,7
283,109924751,180127463,189672,547052,2509,68,4
284,115365613,179712476,195861,544203,2499,74,4
285,112820449,179426578,209847,538239,2507,64,1
286,110521086,178973127,187403,542084,2508,65,3
287,115086109,180059757,206685,545542,2508,64,1
288,111276843,179323634,182112,545656,2503,66,2
289,116557187,180162680,193608,551999,2508,65,2
290,116770376,180121826,202069,550168,2537,66,4
291,113582395,179740323,180413,548832,2501,65,5
292,112580943,179976662,222150,550314,2508,65,0
293,112817738,179422977,188570,552842,2511,71,2
294,110192572,179416651,193425,546556,2503,65,0
295,112020125,179931720,216032,542072,2496,65,4
296,112253631,179948179,195350,549361,2537,64,1
297,113692388,179426580,175252,552602,2503,65,8
298,110092434,179473269,194862,548260,2498,66,7
299,113933955,179501191,203605,556383,2507,67,2
300,118345456,179889542,206190,540410,2541,66,1
301,114048147,180151059,215301,548740,2506,64,4
302,109040749,179667510,184244,542969,2506,64,2
303,115499821,179429407,203666,542848,2500,66,6
304,112568275,179618547,191041,543677,2508,65,4
305,112484155,179195643,189977,548249,2500,65,5
306,114331901,179680278,207707,539788,2505,65,5
307,115692858,179470631,203731,549813,2503,68,4
308,113372561,179394354,175157,551766,2508,69,3
309,113593333,179236967,201260,550241,2511,65,3
310,115793730,180477357,219284,553331,2510,64,2
311,111403053,179422096,184623,539011,2497,65,3
312,119871430,179592284,203493,552677,2500,63,6
313,111752536,179031371,179060,552359,2492,67,4
314,115149513,179111934,192620,558129,2506,65,1
315,110087051,179165306,201393,544920,2497,66,2
316,110417280,179185686,187282,544207,2499,66,3
317,113269485,180150142,214650,546657,2523,67,1
318,110908502,179856175,191742,546125,2512,64,5
319,113550051,180139518,207179,550626,2531,64,6
320,109496722,179622739,178204,547935,2500,63,3
321,115813683,179617551,213725,546939,2507,64,2
322,114888471,179505127,198312,550937,2503,69,2
323,110405080,179602588,214985,541600,2498,63,8
324,108578976,179923979,180924,539611,2500,65,2
325,109523639,179260334,192898,538990,2496,62,5
326,112882407,179780678,197728,544161,2499,66,3
327,113038443,179688656,193317,554768,2508,66,6
328,110568120,179930041,172555,555656,2498,64,2
329,113296810,179156004,194663,544823,2509,63,1
330,111516750,179779510,197439,543707,2529,64,7
331,112135368,179452495,201301,548344,2506,63,2
332,114319699,179658785,235010,538461,2505,65,3
333,115848088,179914022,227805,545814,2533,62,2
334,120288341,179640253,222573,564903,2523,68,0
335,115274270,179991918,222863,547457,2535,65,7
336,118649759,180095656,192785,558146,2536,63,4
337,109493729,179687118,183766,538494,2523,67,1
338,112821860,179284851,186491,548349,2502,66,6
339,110812010,179405527,180370,553060,2503,65,3
340,111180782,179593154,213847,538359,2498,70,3
341,113612973,180324154,202399,552430,2527,66,1
342,109115938,179539923,164979,542191,2505,71,4
343,110654844,179254774,195005,533432,2508,63,5
344,111050387,179468638,174058,555326,2502,69,4
345,113547454,179456507,191467,558559,2504,65,8
346,110697202,179935741,180340,539637,2503,65,3
347,112888670,180068616,209128,543825,2529,67,3
348,114270364,179800519,220378,544370,2499,64,6
349,113591632,179586752,187790,544697,2493,66,4
350,111204675,179123493,184191,547695,2501,64,6
351,112965908,179874812,188947,544089,2508,67,4
352,112062272,179897483,222910,547942,2501,64,2
353,112513426,179746385,187253,551820,2506,66,3
354,116476468,179177161,197337,548546,2498,67,8
355,113242008,179704245,190176,546697,2505,65,2
356,112888324,180026409,196490,550193,2512,65,1
357,118463004,180069902,201166,557424,2532,65,7
358,115983565,180340130,178317,549728,2524,64,2
359,115555202,179176186,202309,559161,2503,64,1
360,112403986,179646797,190997,535003,2499,66,4
361,111491900,179415244,194821,544534,2506,68,3
362,115601715,179828800,204970,542111,2496,63,2
363,112316089,179779141,195898,546881,2501,66,3
364,114246968,179812740,214412,541963,2503,63,6
365,114445399,179887536,187274,546537,2499,67,4
366,109355281,179711750,182725,548223,2500,69,2
367,108944121,179718392,178487,544807,2506,68,2
368,111866078,179670604,199332,551092,2507,69,4
369,107949164,179265825,182437,545597,2505,68,1
370,118934881,180288628,214434,548165,2514,66,1
371,110974772,179889588,199843,550157,2501,68,2
372,113002783,179711477,186608,551367,2499,63,1
373,115811869,179376057,211410,537922,2497,63,1
374,110911525,179006360,210251,545833,2508,63,3
375,116255467,179808927,208846,551223,2508,69,4
376,111332208,179595532,199251,542137,2504,64,5
377,110988122,179981267,189330,545421,2512,65,2
378,112285280,179774120,200870,548240,2498,65,4
379,116365758,179907421,201447,550154,2495,63,4
380,113078930,179347508,204241,545702,2506,62,4
381,112851912,179545403,187205,542391,2495,63,2
382,114212579,180054348,191729,545697,2512,68,2
383,111996018,179666287,206528,546960,2511,65,2
384,110979171,179606507,200802,543421,2497,65,4
385,109851188,179819844,186319,549956,2507,64,1
386,114419425,179695601,182701,554405,2497,64,2
387,115409346,179621069,180651,552369,2500,65,5
388,110444117,179508548,199639,547354,2497,64,8
389,111021772,179247022,194104,535876,2505,68,2
390,110476765,179625774,195379,547745,2498,66,2
391,119649100,179368877,192030,558661,2511,67,4
392,115237445,179791932,208145,542278,2500,66,5
393,108680561,179495392,185145,536508,2499,66,8
394,108709327,179270167,180909,540829,2503,65,5
395,108771772,180038732,170103,556483,2503,72,7
396,117973948,179875964,207772,560166,2523,65,4
397,109279720,179650795,190325,540820,2501,68,2
398,111196762,179531125,198515,553852,2505,66,2
399,116997522,180544287,186027,554012,2523,66,3
400,108835662,179776544,182134,543813,2507,63,4
401,113772262,179445191,192049,550352,2505,69,4
402,113500094,180304235,195969,548794,2512,66,3
403,113753602,179747652,215103,551185,2504,67,3
404,113806528,179729920,202918,549626,2505,63,2
405,113270909,179515437,216003,550990,2500,65,5
406,113270814,180097008,200298,549813,2505,62,5
407,112524275,180195237,194488,547181,2503,64,1
408,113279515,179653874,198970,538435,2504,60,1
409,109928750,179954175,181333,547444,2504,72,5
410,114696367,179515508,202147,552673,2496,67,2
411,114079629,179686551,196928,548489,2503,66,5
412,109997489,179705273,191034,543598,2500,63,3
413,112182111,179906926,202180,547845,2505,62,6
414,127838813,179796963,208496,548912,2502,69,2
415,110021132,179631965,188736,550859,2502,66,5
416,111106597,179877925,194598,546082,2493,65,4
417,112109180,179905640,204302,546544,2500,64,3
418,117618586,180155933,223381,550594,2510,70,5
419,111854674,179404793,209201,552754,2500,65,2
420,110534370,179787112,182235,551629,2507,66,2
421,117072110,179758056,200958,554819,2500,65,8
422,110522891,179526345,195790,540357,2498,66,1
423,112766190,180204196,192051,549551,2526,67,5
424,114916181,179442592,195525,555720,2498,71,6
425,112297094,179698967,183297,550175,2511,67,5
426,113136365,179560055,183205,550233,2501,65,6
427,115306833,179023893,188040,537159,2505,66,11
428,111908552,179372374,185281,540179,2508,66,0
429,118142489,179594944,187023,562360,2510,67,1
430,116865329,179783558,202024,543809,2514,66,3
431,109682903,179370566,190243,542417,2493,63,3
432,112925365,180323498,186469,542086,2518,67,4
433,110369286,179792065,181269,545593,2516,64,3
434,110274151,179583957,192508,548768,2525,67,5
435,112308264,180106736,180938,548780,2508,63,4
436,109856317,179777596,187944,553053,2504,65,4
437,110933876,180081449,192813,546735,2505,70,5
438,111022286,180219597,185181,561119,2526,70,2
439,112991967,179931467,182228,550717,2528,68,2
440,113660790,180367232,196909,544640,2528,66,1
441,109700689,179143239,187398,546192,2509,69,4
442,110198734,179834277,194259,547403,2505,66,5
443,111110801,179996954,181016,542820,2504,67,2
444,110409099,179256314,185125,538896,2500,69,2
445,112293677,179795340,203675,549534,2492,67,3
446,113861584,180257680,192891,549445,2523,65,2
447,114060662,179783303,187919,547923,2502,66,4
448,108816204,179811755,187643,550858,2499,65,2
449,115055307,179898230,202382,556716,2500,68,1
450,111455365,180117148,187891,548765,2534,67,2
451,110266187,179583076,184484,552996,2497,71,3
452,112083839,179563799,216294,545782,2499,63,2
453,110245415,180188536,187720,554396,2501,67,2
454,109776095,179631871,186795,551164,2508,69,3
455,108300132,179525433,182276,544854,2495,63,0
456,117338393,180007587,190138,557308,2500,67,3
457,113965598,179434611,188086,541205,2505,62,5
458,109396080,179115917,173358,539046,2494,62,2
459,118596253,180412445,201848,556881,2536,67,2
460,107705178,179514451,183056,539542,2503,65,2
461,109958354,179993523,188297,547032,2518,65,3
462,109612836,179497108,192517,546548,2506,64,4
463,110798566,179356403,194400,547977,2500,66,4
464,114539102,179631134,198246,539978,2506,62,5
465,114591016,180108924,208494,548701,2540,65,4
466,112497926,180067819,178861,557032,2504,66,2
467,112370203,179658279,204044,536970,2502,64,2
468,112685194,179595946,209772,542496,2532,66,2
469,108824026,179043108,184083,543154,2503,63,2
470,111894896,179222452,193727,560658,2496,68,3
471,109018516,179089708,174666,540179,2495,66,2
472,112056142,179469351,203622,552039,2500,65,3
473,116128879,180235601,197935,553654,2516,63,7
474,116868209,179747841,207675,555607,2505,66,2
475,111429392,179648092,182222,552928,2504,67,2
476,114894304,179224892,214675,542358,2503,64,3
477,109853862,179460043,195748,539448,2506,67,2
478,112564477,179730639,190168,544470,2504,68,4
479,113106302,179894875,210943,547028,2502,63,7
480,112511149,179397886,206259,539817,2504,62,4
481,111215861,179362798,192894,537837,2504,68,7
482,109845523,179289608,187501,540335,2500,69,4
483,113989346,179145449,181212,540267,2507,67,2
484,110587037,179385507,196759,546774,2506,65,1
485,115328306,179330679,185660,556972,2504,64,2
486,114309694,179749312,201042,554832,2512,64,4
487,109838682,179556993,179126,542167,2502,64,3
488,111095689,179693418,186815,544713,2503,67,5
489,108884988,179943730,174149,543919,2510,64,0
490,119590046,179781063,207501,555878,2504,67,1
491,116974384,179686637,202752,546868,2503,63,3
492,114506264,179864195,197953,553473,2504,64,4
493,116305035,180280028,202115,566095,2506,71,3
494,114100605,179595283,180598,560092,2503,71,3
495,115611585,179557864,208881,539800,2508,63,4
496,120008791,179929959,205001,557313,2508,70,5
497,110936262,179930140,175240,551448,2498,68,5
498,113396763,179653765,206428,534901,2514,64,4
499,115825780,179688852,192048,544545,2506,67,4
500,114026862,179778241,201930,544014,2515,65,1
501,109517906,179524128,183354,545390,2499,66,2
502,115675149,179996047,199416,554518,2535,65,2
503,115410825,180102164,188121,548817,2503,64,5
504,111327729,179781085,201520,546779,2500,64,6
505,112880996,180130670,198995,544670,2504,64,2
506,110687686,179672452,175794,546642,2504,67,2
507,111091407,180210892,196392,557770,2512,69,10
508,115230292,179864625,207709,553448,2520,63,10
509,111366077,179499990,177136,549695,2497,72,3
510,110730464,179646691,182863,541037,2505,62,0
511,113651065,179740964,194878,552728,2501,65,6
512,109771789,180052977,196874,554302,2509,63,1
513,109476838,179573584,205146,541743,2500,64,2
514,111273754,180009473,182024,549625,2530,67,3
515,111778107,180041342,192394,544329,2490,64,3
516,109742583,179707607,188731,552676,2506,69,2
517,112396630,179753052,186950,550920,2499,69,7
518,114176880,179888921,199688,548705,2527,67,3
519,115988086,179741635,195449,554098,2509,64,5
520,111631961,179719055,185628,547027,2515,67,2
521,112201883,180237254,190905,556384,2520,67,6
522,110087148,179945314,197193,553077,2501,68,6
523,108935058,179381485,173998,552058,2499,69,4
524,121461398,180035744,184942,552743,2517,68,3
525,115821886,180027510,207912,551918,2507,64,4
526,112325108,179786105,192088,547511,2516,67,3
527,112705902,179521955,209154,554476,2499,65,3
528,116104101,179763139,203038,546566,2498,66,3
529,110599204,179880956,198553,543180,2505,65,3
530,112532951,179635602,179004,539465,2499,66,1
531,113561556,179986741,187644,540625,2519,66,0
532,113906111,179286933,210479,551332,2498,65,4
533,112638459,179098686,186359,542150,2496,66,0
534,109625202,179635462,188151,553565,2503,67,4
535,123349284,179841021,220634,552073,2528,68,6
536,111301868,179174064,176882,546065,2501,72,4
537,115844535,180120401,198022,552188,2534,66,4
538,116078055,180159426,208070,565426,2516,69,6
539,113591868,179987328,197159,548577,2540,64,5
540,111930593,179996939,200581,553135,2505,64,2
541,113426449,179606367,202067,542739,2516,64,4
542,112895290,179681027,196822,543269,2506,64,10
543,112564863,179838434,204961,554686,2527,69,3
544,108907098,179517239,181941,547133,2499,67,4
545,113203523,179937168,200072,545811,2507,65,2
546,110860054,180002090,182439,555890,2508,62,2
547,114612611,179701765,224720,547381,2518,68,9
548,120453916,180839989,205240,575695,2537,69,3
549,111438565,179010513,187912,541086,2501,67,4
550,112311148,179796050,179929,545237,2504,69,3
551,114247518,179624495,197362,549660,2507,66,6
552,112224205,179550243,197395,549503,2507,63,3
553,113038795,179714689,173442,550822,2508,66,3
554,109776822,179757732,183042,544942,2496,66,6
555,111250717,179314332,205933,556038,2501,67,6
556,110933010,179103817,178825,547390,2502,68,3
557,112830546,179535226,202799,559075,2501,64,4
558,111187111,180018608,191995,550090,2500,65,4
559,115582641,179412972,200156,553270,2508,64,1
560,114799795,179657944,206211,541277,2510,64,1
561,111896643,179658399,195929,546684,2500,64,1
562,127380257,180341633,204016,552460,2530,67,3
563,113508845,179874432,185974,552459,2505,68,3
564,111509799,179184624,175938,559466,2499,66,2
565,111884542,179694516,214489,545693,2501,65,3
566,115153530,179368249,195216,539389,2501,67,1
567,109333589,180041127,188086,542828,2502,69,4
568,112002337,179616555,207217,555420,2513,66,5
569,113091007,179807773,189970,533710,2509,65,4
570,112096674,179508783,190843,545022,2506,65,2
571,108591035,179403441,187657,550969,2496,68,3
572,111810991,179927378,190467,551749,2501,69,3
573,110826752,179983862,197811,545928,2537,66,3
574,111672462,179628293,190635,542068,2504,67,5
575,109218907,179574754,193131,545623,2502,63,4
576,114865289,179281770,200313,540369,2502,66,3
577,109688724,179505281,181098,555222,2503,69,4
578,115277717,179688193,190578,543784,2506,65,5
579,111235914,179352448,186892,560945,2512,67,6
580,109350761,180175480,179993,551577,2531,66,3
581,110500512,179409391,196401,541662,2506,69,6
582,107414524,179538330,186213,544497,2503,66,2
583,108845895,179834892,191694,542809,2528,65,5
584,110607125,179663532,190403,548837,2522,66,7
585,112742572,179615322,187216,546874,2506,71,5
586,113112062,180123095,210826,543239,2504,67,4
587,112650056,180117353,199713,552269,2514,68,7
588,111906849,180182249,202370,551934,2501,65,2
589,111748859,179456631,188399,534867,2507,63,4
590,113158693,179824126,181540,563292,2504,67,4
591,116429407,180258308,186865,557050,2530,72,8
592,110839358,179489018,183959,549061,2503,68,3
593,112820143,179934766,198623,550669,2504,67,3
594,114817563,179875425,202184,543234,2508,65,4
595,111471523,179555966,197306,546103,2500,62,2
596,112605976,180341235,190722,541515,2542,65,1
597,111782690,179070762,189839,539845,2500,64,5
598,110962020,179589251,181372,548997,2507,69,1
599,113898884,180473497,200625,563994,2527,66,6
600,117281609,179814135,193680,538246,2503,65,4
601,110293979,179766078,192072,554972,2499,65,4
602,111871484,179973864,186905,533298,2495,66,2
603,118618634,180114287,200016,551647,2528,66,6
604,113596949,179513908,212798,549075,2499,65,4
605,112296953,179061157,189243,544641,2502,66,4
606,110145845,179860012,193195,544106,2496,65,2
607,115737194,179702615,203437,554768,2501,66,3
608,114813746,180025906,214202,551404,2522,67,5
609,114125543,179620434,196704,553373,2503,65,6
610,113287933,179622466,194266,545720,2531,63,1
611,108643343,179169285,165877,542998,2494,64,3
612,110742798,179073910,185046,536586,2511,63,2
613,124593183,179985748,191321,541537,2517,71,2
614,113756183,179992305,194970,544712,2511,68,7
615,112695753,179315224,191508,536941,2499,62,4
616,113584018,179909005,199519,536750,2499,68,2
617,113084007,179642216,179569,553762,2503,68,6
618,114041617,179975486,203894,545527,2502,65,1
619,116604094,179849076,198254,540910,2506,62,3
620,114320019,179931221,194820,532374,2508,69,7
621,115236824,180306287,202304,555896,2501,65,4
622,114716235,179975170,195639,555954,2526,64,5
623,111872442,180097035,183398,550328,2524,71,6
624,110486371,179206564,174899,541497,2498,66,2
625,110164506,179767090,175827,541850,2502,66,2
626,114509789,179095842,204126,545255,2502,69,1
627,113795669,179751232,186546,556771,2508,70,5
628,112546250,179941786,195095,555399,2521,67,3
629,111459785,180200398,184267,551231,2507,69,3
630,114605141,179839841,198724,544954,2530,68,3
631,112161517,179386361,190172,548629,2501,67,2
632,111700643,179159544,198402,544291,2504,65,2
633,118057391,179854824,214888,551675,2513,65,6
634,113871294,179455121,203644,551236,2503,63,2
635,114792415,180158285,196831,542947,2519,65,1
636,113219463,179762937,180501,547815,2534,67,3
637,109366152,179722525,180099,544869,2499,69,3
638,111638491,179944213,198437,541795,2504,64,6
639,111671320,179268034,189194,550746,2498,69,2
640,115355558,179399907,188328,544026,2502,64,3
641,111613835,180164577,191120,547970,2504,66,3
642,115988782,180644862,224818,545791,2534,65,2
643,108488746,179081234,177414,550132,2501,70,4
644,108599221,178849864,171941,544918,2507,64,3
645,112603516,180297216,202981,547193,2542,67,3
646,111756785,179694140,211632,546614,2493,67,2
647,110052506,180052314,182643,546199,2498,68,1
648,114797027,179216908,192614,542264,2493,64,4
649,111785940,179952890,198285,547369,2502,66,6
650,109545385,179090683,191433,547358,2494,63,6
651,110790579,179427828,182378,542291,2502,63,2
652,109075173,179508095,172982,552897,2508,68,3
653,113362656,179831908,194752,550274,2499,67,1
654,109900856,179836531,193713,540282,2506,66,6
655,115527650,179836244,190412,548722,2506,67,4
656,116940042,179635994,213833,552848,2501,67,5
657,109207593,179265366,182956,541640,2504,70,3
658,108868213,179469860,180887,539520,2505,65,3
659,112801556,179156463,207470,536391,2514,62,2
660,110641187,179552346,202389,555826,2506,65,3
661,113401153,179634832,193803,539825,2501,66,3
662,111827989,179158215,201160,546612,2510,64,2
663,112441390,179273530,193611,549021,2495,65,3
664,114273161,179368448,198354,540377,2500,63,2
665,114331582,180261563,192328,555714,2540,67,1
666,112722260,179861462,198026,556816,2500,65,4
667,117892741,179796435,223580,545098,2507,65,2
668,114028152,179948601,194969,555092,2532,69,3
669,113780028,179489341,196393,548917,2499,65,3
670,121597762,179598082,222665,540501,2528,63,6
671,110337137,178663562,176034,546674,2498,64,2
672,113838980,179610227,189168,541028,2517,67,5
673,112790790,180273251,186073,555679,2506,64,2
674,116060993,180385630,202943,547153,2505,67,8
675,113513693,179466967,181232,547885,2500,67,6
676,110454549,179926916,193347,552381,2519,68,4
677,111138814,179400120,198128,550496,2504,70,7
678,111830244,179434769,202858,543923,2508,66,4
679,112577347,180141157,197002,545310,2517,69,7
680,111577053,179271914,204368,538552,2493,67,3
681,111623444,179781542,186830,538998,2501,67,2
682,116417472,179791496,198455,544339,2506,65,3
683,111924782,179692562,172967,556997,2511,67,2
684,114733059,179876446,217588,548982,2504,65,5
685,110368904,179948066,178154,549341,2503,64,4
686,111864630,179275671,178963,546339,2499,63,7
687,112010283,179725659,197534,550769,2514,65,5
688,110773242,179805474,207465,548066,2499,68,2
689,113821360,180177164,200858,546797,2529,73,4
690,108655281,179933090,175645,548047,2503,68,2
691,117536078,179649249,218336,563282,2501,64,3
692,113944194,180369108,202415,551995,2542,66,6
693,109525487,180317674,189750,556451,2537,72,4
694,115083926,179824107,192113,562776,2529,63,5
695,112178366,179352355,207006,535601,2506,65,5
696,109501748,179205078,198650,558800,2499,68,5
697,111697685,180031007,190130,551465,2516,66,3
698,110297747,179568670,183695,540869,2495,65,5
699,110904127,180212186,178523,559859,2514,69,5
700,113748478,179407646,191187,551618,2499,66,4
701,112273435,180005788,187627,550268,2501,70,6
702,110699807,179479126,181233,540888,2499,68,5
703,119350188,179358911,194151,550519,2502,63,1
704,109833422,179895269,184219,543423,2510,66,1
705,114048084,180167846,205364,548275,2504,63,3
706,113134384,179612627,186759,545153,2504,64,5
707,112418177,180262518,197490,538252,2515,69,7
708,113264189,180205102,192481,547041,2534,72,9
709,111357277,179907153,186443,552798,2510,64,3
710,113606098,179341000,194516,550689,2505,64,3
711,116273236,180526476,209981,552941,2536,66,3
712,116594990,179425083,190796,560705,2503,64,2
713,117326354,179521842,194613,547716,2501,63,3
714,112953763,179334224,190037,541791,2502,69,3
715,112677018,179788279,202877,545365,2537,65,3
716,112952158,179786474,192158,547553,2504,64,4
717,110533448,179063905,195448,551453,2493,66,6
718,114679970,179321436,204855,547158,2504,66,4
719,110066735,179254527,182082,540797,2505,66,1
720,114710402,180008948,202515,544668,2520,65,5
721,114865208,180471583,196432,552847,2523,65,6
722,116544013,179554904,194907,557181,2507,67,1
723,110446850,179356358,189874,540878,2502,67,1
724,115539824,180202688,198398,542947,2532,68,5
725,115989329,179770477,195034,549140,2498,65,6
726,108988648,179432477,179571,550410,2500,70,3
727,111787997,179827514,188316,554251,2529,64,6
728,107277976,179425944,185873,539451,2513,63,3
729,113552801,179420658,195016,551108,2502,63,6
730,112579672,179643955,211611,549422,2502,64,7
731,113880523,179951336,196716,549264,2499,63,4
732,109782190,179443191,192370,542943,2503,63,3
733,113090303,179132506,196581,554760,2505,62,4
734,110347598,179510475,197621,539125,2497,69,3
735,109544664,179089048,186236,545823,2505,65,4
736,113618042,179983338,191057,561900,2516,64,7
737,113483061,179470056,206545,546624,2506,67,3
738,110923178,179436510,188131,540994,2506,63,3
739,112958231,179352474,203860,555645,2502,68,3
740,114594104,179680465,202364,546994,2502,67,4
741,113873819,180244261,204735,547908,2538,66,8
742,116265465,179506705,195334,553864,2501,71,2
743,114187364,179779075,202237,543466,2524,66,7
744,114311003,179369634,195416,551274,2498,69,3
745,113400726,179501273,177085,548832,2501,66,2
746,111605637,179344085,195412,544501,2506,71,6
747,119267446,180018430,198257,548188,2497,66,3
748,111943363,179720114,201324,549227,2522,64,5
749,112927724,179658805,184247,538055,2499,64,4
750,113494678,179694760,191488,549513,2501,64,2
751,110313031,179533057,188135,549286,2505,67,4
752,110534736,178833319,193726,538823,2504,63,4
753,112634295,179137873,190728,542069,2505,63,3
754,113339020,180015103,195279,548094,2503,66,6
755,122587443,179650446,192934,565190,2509,66,3
756,114838758,180059444,205151,553128,2535,66,5
757,111877700,179941986,182290,542225,2500,64,2
758,111546571,179250695,196472,533665,2501,65,0
759,111171067,180036824,187576,540352,2508,66,2
760,113274571,179953844,194574,550603,2521,69,1
761,113904151,179768382,194578,551999,2498,66,1
762,110761526,179761260,192510,551317,2505,68,8
763,111750633,180030983,184731,560846,2533,71,3
764,113580888,179678189,214738,548534,2528,65,5
765,111912731,179631355,182173,540776,2505,65,4
766,112397798,179709975,201019,548630,2504,69,2
767,117025206,179993941,207288,544964,2509,66,5
768,115728461,179518921,209168,546504,2501,69,3
769,120103206,179987754,222390,558229,2498,66,5
770,118565014,179686189,204789,563113,2508,62,2
771,112300509,179398657,195059,544099,2506,64,4
772,114881752,179882554,208457,545506,2510,62,4
773,112986992,180318854,202910,550524,2501,64,3
774,108650006,179635814,180594,544730,2502,68,2
775,116058279,179940876,201222,546414,2504,65,5
776,113196713,179891221,189902,551266,2535,64,7
777,112962627,179777000,204337,555944,2502,66,5
778,113378191,179534877,168422,548997,2496,66,2
779,108471872,179584673,173701,549194,2505,64,6
780,116136115,180371912,205769,549093,2535,65,6
781,113472447,179660138,192034,555879,2507,65,4
782,112670817,179743742,203820,546240,2501,66,3
783,114514219,178908933,192068,550892,2500,67,3
784,112740627,179909975,216297,544903,2502,65,2
785,117752753,178967003,182005,548938,2499,64,2
786,113143871,180043087,193903,544950,2496,68,7
787,123596259,179732348,201886,547024,2529,66,6
788,112948314,179853223,199924,543382,2506,64,5
789,121051248,179305708,212182,545490,2500,64,3
790,109634421,180083671,183327,536356,2520,64,0
791,114420807,179947665,190101,551279,2501,67,6
792,111503319,179461342,198204,544838,2496,65,1
793,111346671,179528926,178056,552402,2493,64,1
794,117022776,180019980,180039,536746,2515,65,0
795,113621066,179142894,202489,549759,2503,67,2
796,112424108,179896046,197310,549251,2507,62,2
797,110459824,179414011,185371,545431,2495,62,5
798,110764073,179493909,180359,553885,2494,69,1
799,110363578,179991692,197540,540217,2514,68,5
800,110494985,179785474,177006,547159,2510,63,1
801,113935515,179824753,208657,553835,2501,66,1
802,110275505,179464181,176418,555365,2497,65,3
803,117557525,179971971,188448,551901,2525,71,2
804,117530253,180525578,198149,552360,2516,66,2
805,112884561,179967487,199179,558801,2528,66,4
806,114953731,179335093,193580,555388,2512,62,2
807,112817511,179311298,186263,539101,2503,64,1
808,110949926,179047200,179271,549012,2502,65,5
809,111625494,179273993,201096,545527,2507,65,3
810,110223959,179910258,180765,546025,2498,64,1
811,115433963,179712202,215416,541289,2504,64,8
812,113013880,180186214,199473,544822,2509,65,7
813,117376249,180578843,214446,558282,2530,66,4
814,110204569,179160347,190514,550466,2503,63,1
815,114756597,180114266,193135,551603,2535,67,2
816,110231371,180263857,189291,545791,2499,67,6
817,112819660,179865128,185514,548413,2505,70,4
818,115464592,179432430,195311,544471,2511,63,3
819,116997767,179924412,192564,551689,2501,69,6
820,111393443,179951525,186126,543122,2504,68,3
821,115215253,179584969,188954,554831,2507,65,2
822,110964815,179336194,175097,547979,2496,71,4
823,114635659,180103036,206599,554601,2502,67,6
824,115008863,180150298,192363,562154,2507,64,5
825,111503628,179902433,182910,540613,2506,64,3
826,116054359,179664614,209496,548175,2510,66,5
827,113148096,179488728,193959,538295,2500,64,2
828,113607252,180106888,208591,546730,2519,64,0
829,112310361,180581597,198931,547746,2499,65,4
830,111846270,179905346,189405,543389,2519,67,4
831,110922075,179634120,188334,541428,2517,66,5
832,119192955,179892764,218188,562133,2502,66,3
833,117022489,179613357,192576,558165,2502,64,4
834,111069686,178891410,183326,547270,2501,67,2
835,113660189,180023212,212498,541681,2531,66,4
836,112323594,179801716,179549,545857,2503,69,4
837,116910176,179484585,191835,549123,2504,67,2
838,110015954,179157006,190610,558288,2501,64,2
839,109273735,179666722,190968,553324,2497,69,6
840,114376176,179793993,188842,545261,2520,67,5
841,116322745,179573611,220605,553294,2498,67,3
842,117151126,179986822,204031,550975,2502,66,1
843,118106281,180349748,210966,562605,2539,66,2
844,110537776,180063457,190497,559803,2526,66,6
845,109150859,179379861,201507,546635,2500,65,3
846,112781443,179865459,196133,552295,2531,71,1
847,113946787,179997832,201885,547056,2523,68,0
848,112455477,179961085,196273,544485,2499,62,1
849,111335595,179743156,196898,559111,2521,63,3
850,110450166,179687781,190082,549374,2503,65,0
851,114538294,179190864,198815,544787,2505,67,3
852,118773388,179523548,195332,559816,2511,63,2
853,112485199,179728300,203373,562718,2511,65,2
854,110850334,179915603,198059,547558,2508,68,2
855,114225591,179226998,200879,552974,2497,64,3
856,112086100,179958876,203914,548763,2504,65,3
857,111504044,179408030,196560,554658,2499,70,3
858,112613901,179790505,207142,543869,2498,68,5
859,115343168,179879479,206053,548151,2498,69,10
860,109625017,179388705,199219,541083,2492,65,2
861,116468569,179946398,217665,557454,2524,64,1
862,114752701,179611125,191639,560318,2504,66,3
863,111608430,179980997,196460,544777,2507,65,6
864,112301088,179975377,202925,548936,2505,66,2
865,112665144,179808669,186389,552906,2493,67,6
866,114925211,179040282,213537,548532,2501,65,4
867,112176647,179835878,195709,546248,2504,66,4
868,117363292,180164974,195420,553955,2518,68,4
869,111800834,180289070,179638,556088,2544,73,2
870,113686663,180277432,197928,551058,2519,63,3
871,114456409,179898147,200986,539213,2507,64,0
872,116597340,180180618,195213,548546,2505,66,6
873,111332677,180263034,194208,548694,2507,69,1
874,110184373,179911414,195178,550835,2499,71,4
875,112591505,179464603,182255,539911,2503,63,4
876,109888758,179565955,186549,558542,2508,65,6
877,119471138,179875273,193686,556370,2511,67,4
878,112614871,180090472,208239,534117,2505,71,4
879,109753381,179819872,188009,550246,2507,67,4
880,111679745,179850186,186756,542320,2504,64,2
881,116467136,180245270,197149,556069,2498,69,6
882,115950680,179981449,205397,551939,2503,67,3
883,111426854,179991396,192531,552537,2497,70,5
884,109294090,178907238,169044,554127,2496,65,2
885,114046135,180026682,185893,554891,2531,68,8
886,113723860,179671651,174438,550805,2510,63,2
887,111126732,179803545,182833,558032,2506,68,6
888,109932129,179791371,183911,549439,2498,67,5
889,110716497,179939258,202411,549375,2503,65,5
890,112188966,180086077,201721,549810,2497,67,3
891,118024525,179996989,200715,543323,2511,63,5
892,113761488,179664137,185980,563056,2503,70,2
893,112079473,179809370,201553,551274,2528,69,7
894,111480890,179366436,198269,542574,2504,65,3
895,115365927,179891646,192516,542718,2506,67,1
896,113763185,179660956,184548,559055,2497,70,4
897,111241257,179124332,178177,540221,2501,64,2
898,110697782,179399852,188155,543912,2500,67,3
899,114676139,179431131,196012,548759,2503,66,3
900,112602949,179789664,183717,542159,2512,65,6
901,112313614,179679791,196675,551946,2500,66,5
902,115555580,180007166,191423,553063,2491,65,1
903,111189949,179802095,184175,547807,2509,67,8
904,113409051,180042825,207444,545679,2516,65,4
905,113968501,179277583,206914,546518,2497,65,2
906,111529823,180063093,192252,551474,2527,66,5
907,113901600,179596732,191410,557546,2507,69,4
908,112355854,179706727,196325,547568,2521,67,0
909,116186231,179802821,221137,545672,2502,63,7
910,111087598,179365042,189444,547233,2503,65,2
911,110881399,179707948,185070,544039,2506,68,4
912,114616263,180010256,206524,549187,2530,64,3
913,114281202,180281128,219020,550577,2534,66,2
914,112328714,180018829,187541,553819,2504,66,8
915,112274413,179767362,180893,553389,2497,63,2
916,113784915,179531552,194356,549190,2506,66,5
917,112017276,179804751,184437,549641,2491,72,4
918,111697900,179413040,208829,550734,2496,65,2
919,109854320,179460306,180707,543052,2503,68,5
920,108398795,179843442,179942,547100,2497,65,5
921,110385532,179884470,188529,547274,2517,65,3
922,114513162,179964170,224637,548699,2524,66,4
923,112306203,179707726,208236,539136,2512,63,0
924,110439265,179558191,191373,543058,2502,65,3
925,109841990,179707827,187913,559473,2519,63,3
926,110932290,179995553,189649,552734,2502,67,5
927,117389649,179619702,202529,542885,2506,65,3
928,114084799,179826646,192463,548325,2509,67,3
929,116092964,179537499,208294,544692,2507,66,3
930,111150985,179691627,177491,541370,2504,66,7
931,110446543,179711799,201655,541585,2506,67,3
932,113896212,180209509,195838,555527,2512,63,6
933,112034282,179241978,191151,551254,2508,67,4
934,114784934,179610758,195452,554205,2499,64,4
935,112054442,180243847,185160,544374,2525,72,2
936,112883344,180068889,191995,549578,2531,63,0
937,114987966,180144322,202628,550958,2525,62,5
938,113742882,180140303,202310,546416,2534,65,4
939,112005330,179743527,199461,544344,2508,66,6
940,109285007,179186717,186875,541750,2496,66,3
941,114828531,180028617,192781,542507,2498,63,1
942,115184608,179918894,191074,544769,2529,69,5
943,114577114,180207720,189164,550687,2521,68,3
944,112643402,179819258,204512,546157,2500,66,2
945,113385016,179657066,199007,549018,2509,65,0
946,109369718,179344196,189628,548352,2498,63,5
947,112267220,179296873,183500,543759,2508,65,4
948,112379132,179851898,190341,546740,2510,66,4
949,113415684,179759542,181877,546514,2499,67,2
950,119387035,180297084,182619,566444,2532,68,6
951,112235190,179951645,202746,553682,2532,66,4
952,110340017,179844041,187274,544518,2500,66,0
953,115734882,179434594,191329,549405,2495,64,1
954,119756370,179537411,184075,547704,2499,66,4
955,114459968,179267819,187338,541725,2500,65,1
956,111671600,179675882,186448,543980,2506,66,3
957,113254240,179487130,195058,556401,2503,66,3
958,113068976,179349318,201760,547660,2499,65,0
959,111828693,179807659,191625,560191,2507,65,3
960,114669196,179769676,193797,554025,2504,70,4
961,112071411,179665161,185969,563898,2502,68,3
962,115546112,179897522,191413,555858,2532,64,4
963,112917867,179632884,208307,560419,2496,69,4
964,111253121,179674907,180903,545407,2522,63,2
965,108883648,179275826,193544,537907,2494,67,4
966,109594844,179376336,192421,541592,2505,64,4
967,112940971,179557290,195794,556859,2500,67,3
968,111964292,179615433,196295,551221,2500,64,3
969,111721843,180013130,194168,551727,2524,69,4
970,115195377,179096263,182228,558780,2502,66,3
971,111870953,179464586,195797,543297,2505,62,2
972,115397208,179176870,189235,549911,2500,62,6
973,113928872,179805765,178387,554653,2529,70,3
974,117491648,179311890,195877,548958,2498,65,4
975,114954380,179940800,205441,550302,2503,66,4
976,109215655,179735327,184984,546245,2499,65,1
977,114900247,179602396,201635,550223,2505,65,3
978,111135095,179717944,198842,552734,2501,66,5
979,112895821,180389200,191835,549208,2495,70,6
980,116209872,179750188,203936,554196,2533,65,4
981,113609797,179339539,201689,550394,2508,65,3
982,116594213,179274091,201461,544347,2503,64,7
983,109708853,179548454,196185,541891,2507,62,3
984,117125000,179844638,197805,539395,2504,70,0
985,110897797,179714572,189787,552901,2502,66,7
986,108783503,179684467,197324,538126,2503,64,3
987,120470129,179323775,196928,548255,2506,66,7
988,111114787,179040375,191714,538113,2508,64,5
989,108497275,179687090,178389,541934,2496,67,3
990,111379685,179774725,170910,548232,2506,66,8
991,112032586,179613783,200075,551576,2499,67,5
992,111722354,179433970,178993,544111,2500,63,7
993,111780913,180073678,183672,539373,2492,65,3
994,112586659,179507891,194916,558660,2504,63,4
995,110777656,179655503,192185,560130,2506,67,2
996,117600470,179820865,212774,551041,2509,67,4
997,111195818,178967464,176650,537505,2502,65,3
998,112540709,179700596,195675,556976,2526,63,5
999,114563019,180143339,190904,547131,2508,64,1
1000,114197376,180029925,221401,557735,2507,71,4
