test_run_id	role	test_type	openssh_branch	key_label	n_rows	cycles_avg	cycles_std	cycles_p50	cycles_p95	cycles_p99	cycles_min	cycles_max	instr_avg	instr_std	instr_p50	instr_p95	instr_p99	instr_min	instr_max	br_avg	br_std	br_p50	br_p95	br_p99	br_min	br_max	ipc_avg	ipc_std	ipc_p50	ipc_p95	ipc_p99	ipc_min	ipc_max	bpc_avg	bpc_std	bpc_p50	bpc_p95	bpc_p99	bpc_min	bpc_max
1	client	classical	9.2p1	RSA(2048)	1001	32670959.6134	284045.2849314813	32644650	33222227	33349411	31921282	33762292	73903161.1369	78900.01316721336	73901621	74028048	74086070	73683758	74149317	136403.2228	2161.982596905137	136271	140239	142307	131169	144044	2.2622124025944044	0.019490267307947087	2.264186381	2.289286336	2.292918	2.188612698	2.315519846	0.004175301952047951	0.00007132667484763093	0.004173972	0.004299733	0.004354068	0.004015213	0.004426304
1	server	classical	9.2p1	RSA(2048)	1001	89576566.2028	680217.2307667533	89540747	90685037	91419752	87403169	92915549	146165106.042	212952.0504416748	146150240	146541090	146823495	145574323	147211297	387393.3896	2977.7323462749137	386706	393389	396136	379557	399988	1.6318238697522462	0.012107997314046619	1.632212621	1.649403943	1.65902213	1.57228472	1.672170673	0.004324949565434565	0.0000451187469736247	0.00432234	0.004402884	0.004441812	0.004163446	0.004479607
10	client	hybrid	10.0p1-7	RSA(4096)	1001	64440177.7483	280913.1881017451	64425472	64914819	65146563	63154974	65450834	169545499.1818	230739.60628787978	169544589	169902039	170099735	168805254	170311946	180894.8152	2274.742947413882	180637	184965	186744	175231	189732	2.6310968310619374	0.01068189414359017	2.631674578	2.646439472	2.655592958	2.592997806	2.682654655	0.002807190900099902	0.000034512467355116966	0.002804295	0.002867243	0.002893656	0.002705705	0.002927496
10	server	hybrid	10.0p1-7	RSA(4096)	1001	134367694.7982	822227.3982440298	134362965	135768463	136510574	131586247	137560384	270712074.5425	401309.26248552377	270697527	271401824	271713804	269477983	272628668	473200.1249	4377.359928243362	473007	480897	484067	462011	487959	2.014780659919081	0.011742954016460055	2.01504694	2.032660231	2.041163881	1.973144715	2.051331871	0.00352178226773227	0.0000362712734284895	0.003520438	0.003583441	0.003608804	0.003407353	0.003625526
11	client	hybrid	10.0p1-7	Ed25519(256)	1001	36782758.0729	431450.6640154774	36693757	37740892	38312935	35553915	38785527	90608607.0659	165252.68460751738	90614678	90873546	90960033	90069284	91208007	150742.1219	2094.0010824091964	150643	154300	155781	144326	159035	2.463668191250749	0.02796666276848948	2.469299727	2.495739479	2.512885599	2.337044434	2.545726033	0.0040986198051948045	0.00006791016356143617	0.00410051	0.004207385	0.004248806	0.003873822	0.004371164
11	server	hybrid	10.0p1-7	Ed25519(256)	1001	89426606.4895	807640.8616435538	89399938	90875581	91667066	87064540	92191949	145942911.5854	250165.71367145935	145915997	146405172	146627585	145275020	147113637	408445.953	4078.8898157210733	408206	415755	418547	398600	422798	1.6321138323386621	0.014506829504045334	1.632819151	1.6547337	1.662586553	1.584384217	1.676312147	0.004567715651348657	0.000058178350279217684	0.004567963	0.004667645	0.004703831	0.004388702	0.004750103
12	client	hybrid	9.7-LibOQS	RSA(3072)+FALCON(512)	1001	46389511.4266	222886.04262522142	46359076	46823234	46963647	45823993	47402548	110202899.6833	141605.32016892175	110204367	110435790	110506366	109823647	110775516	200402.6833	2508.8925745458578	200243	204648	206666	192894	210760	2.3756551113316675	0.011980801289641848	2.377397112	2.392351413	2.397752842	2.325441936	2.400951484	0.004320061456543456	0.00005503260848442825	0.00431912	0.004413617	0.004451111	0.00416053	0.004524011
12	server	hybrid	9.7-LibOQS	RSA(3072)+FALCON(512)	1001	104298268.6943	564190.7084621225	104283219	105218764	105829648	102118281	106744727	203686531.1588	278472.46958580764	203674990	204135711	204381808	202821578	204818774	424782.4575	3035.6061573342413	424751	429773	432493	415765	436987	1.9529780130139847	0.010440222632515482	1.952926513	1.969534499	1.978847869	1.908997172	1.994531909	0.004072874980019976	0.00003537938398926161	0.004074252	0.00413019	0.004154905	0.003937944	0.004211038
13	client	hybrid	9.7-LibOQS	RSA(3072)+ML-DSA(44)	1001	46069323.0809	238679.01056098807	46047281	46490473	46780142	45429589	47310874	109687634.3457	402766.44954942627	109594276	110474584	111072464	109031598	111996406	200280.004	2555.034682344649	200114	204758	206904	192947	210222	2.3809570285864154	0.008591421635718322	2.381352381	2.394808449	2.401186239	2.337614347	2.404121965	0.004347437280719278	0.0000568386890597603	0.004344955	0.004442501	0.004485598	0.004170097	0.00454707
13	server	hybrid	9.7-LibOQS	RSA(3072)+ML-DSA(44)	1001	104485453.2018	598810.5467553841	104476959	105480432	105867621	100713691	106819282	204100189.3397	463584.37449915434	204038303	204952119	205554341	203034844	206919588	427228.1249	2868.850537652773	427245	431714	435137	417269	438283	1.9534390829880104	0.010518095669998145	1.953215646	1.96948346	1.978263398	1.917616577	2.021423333	0.004088990327672329	0.00003376961297010285	0.004088785	0.004143005	0.00416665	0.003983523	0.004277472
14	client	hybrid	9.7-LibOQS	RSA(3072)+SPHINCS(2128)	1001	75983278.7982	303572.24234928226	75923278	76548286	76718474	75319139	77000991	184307090.2348	172723.50120625724	184316832	184588366	184667649	183777285	184747246	200045.8791	2580.6744530013134	199965	204292	206238	192003	208010	2.42566374555045	0.009478051727224109	2.427800898	2.437709144	2.441158677	2.395144187	2.4444132	0.0026327925904095894	0.00003475474536983504	0.002633006	0.002692724	0.002713797	0.002528872	0.002739529
14	server	hybrid	9.7-LibOQS	RSA(3072)+SPHINCS(2128)	1001	133210323.008	627772.0323791493	133193225	134240317	134716054	131139196	136496364	276425934.8811	314859.0258134213	276404268	276985979	277219027	275425322	277713491	419530.2937	3082.264558023909	419427	424569	427588	406162	431364	2.0751523083946086	0.009490275744313787	2.07520644	2.090071005	2.096226699	2.030173485	2.105146443	0.0031494469870129863	0.000026895793702860633	0.003149024	0.003193371	0.003216475	0.00303929	0.003253754
15	client	pqc	9.7-LibOQS	FALCON(512)	1001	20592010.0659	192606.13575349964	20616001	20874480	21026545	19766766	21540338	27997050.5355	89071.30953299718	28007064	28112385	28131003	27856162	28195461	105082.4236	402.68033277476803	105088	105714	106040	103477	107604	1.359703036565434	0.010812530945659747	1.360440484	1.375002087	1.378916955	1.295766111	1.417054362	0.0051034741728271755	0.000047550133592673426	0.00509918	0.005177974	0.005194463	0.004875178	0.005306583
15	server	pqc	9.7-LibOQS	FALCON(512)	1001	64196387.2448	519433.05920220667	64220365	64962701	65702074	60634725	66027779	82519900.1139	137945.02230277084	82488651	82823052	83017280	82302924	83294632	302963.5275	778.7090454685458	302926	304218	305070	299911	305761	1.2855100511988005	0.01024561344498471	1.285081983	1.301868665	1.310722898	1.249913216	1.362225144	0.004719628555444554	0.00003969374315182651	0.004718206	0.004784567	0.004819197	0.004585805	0.004990853
16	client	pqc	9.7-LibOQS	FALCON(1024)	1001	22383840.5854	171363.19261281053	22370157	22652008	22871626	21297488	24125262	31590233.6194	90536.48985962488	31626844	31705370	31730564	31436581	31785791	110372.8032	527.3639580306562	110399	111095	111632	107267	112119	1.4113734178111872	0.010830694133595617	1.411885731	1.425773567	1.433034415	1.307812076	1.483136931	0.004931165261738256	0.00004014878690704631	0.004935945	0.004979963	0.005018687	0.004577483	0.005193241
16	server	pqc	9.7-LibOQS	FALCON(1024)	1001	66592660.1808	549335.8351491202	66640944	67412799	67921087	64234686	68980081	87482850.7093	132935.14047785255	87456170	87761455	87973098	87276601	88305409	313859.3177	856.9715671928742	313830	315257	315791	311036	317743	1.3137883560259715	0.010771402719263698	1.313218391	1.331049671	1.341527649	1.268528562	1.361383956	0.004713433939060934	0.000040059194145904645	0.004713101	0.00478137	0.004816633	0.00456726	0.004887032
17	client	pqc	9.7-LibOQS	SPHINCS(2128)	1001	50300703.8891	326859.3803958789	50235042	50909894	51131383	49627277	51462821	102074630.5844	134835.13722960502	102073733	102290370	102370306	101713762	102457332	104577.4466	498.6962375941972	104574	105387	105949	102670	106593	2.029367677363636	0.012479045664890899	2.032627865	2.045998932	2.049546826	1.985822075	2.053452594	0.002079122488511491	0.000015449542130306563	0.002080565	0.002101169	0.002111573	0.002020764	0.002125536
17	server	pqc	9.7-LibOQS	SPHINCS(2128)	1001	93317918.998	632879.385743521	93315504	94371262	94873289	90305874	96522954	155578065.1299	169342.9224673808	155555636	155892746	156128016	155194795	156558968	298156.1888	826.3322475340556	298169	299587	300116	295576	301336	1.6672570999170835	0.011054422403763843	1.667224797	1.68437165	1.691740025	1.61177248	1.723203531	0.003195202634365633	0.000023146225623504412	0.003195308	0.003233035	0.003245745	0.003087752	0.003304347
18	client	pqc	9.7-LibOQS	SPHINCS(2256)	1001	127001034.3427	593206.8545990067	126918966	127998344	128580188	125800115	128938437	294786387.5095	152489.7484715506	294784748	295030624	295123648	294248914	295279892	111540.5764	731.0927235334786	111483	112662	114394	109031	115638	2.3211829887752287	0.010615495526899088	2.322830953	2.335903511	2.338651567	2.287172598	2.342632119	0.0008782816923076928	0.000006809741099280559	0.000878251	0.000888027	0.000902215	0.000860243	0.000909171
18	server	pqc	9.7-LibOQS	SPHINCS(2256)	1001	169627260.9421	753671.1662136095	169594519	170928177	171513908	166655524	172519205	348506154.1668	184797.39936071576	348481978	348865257	349093479	348065723	349398222	305952.0789	963.5167547921724	305866	307607	308910	301353	310551	2.0545808351198818	0.009050368558740644	2.054765587	2.068032179	2.074831259	2.019922674	2.092039745	0.0018037089450549445	0.000010018876424528716	0.001803386	0.00181972	0.001829144	0.001768841	0.001841955
19	client	pqc	9.7-LibOQS	ML-DSA(44)	1001	20263958.8551	235795.416341381	20227424	20710935	20960158	19655274	21397731	27394584.2158	388769.2521931321	27299323	28159465	28777672	26928505	29595627	104017.3307	479.54847883030055	104039	104738	105033	101204	105733	1.3518991239250744	0.012177832213134837	1.351757387	1.372521399	1.382438659	1.290668944	1.407183286	0.005133717157842153	0.000056043877871584195	0.005140033	0.005214191	0.005250968	0.004880938	0.005278051
19	server	pqc	9.7-LibOQS	ML-DSA(44)	1001	64231594.5305	557576.8611155958	64225105	65087299	65724416	61966345	66918312	82975538.998	395615.883241038	82876369	83774512	84276548	82438313	86447910	306953.039	870.1659275566489	306961	308381	308916	304136	310086	1.2918949837882123	0.010532282653076187	1.291687509	1.30833965	1.319890883	1.244855629	1.337005733	0.004779216499500505	0.000044651558377667356	0.004776315	0.004852055	0.004889183	0.004577969	0.004983527
2	client	classical	10.0p1-7	RSA(3072)	1001	46314283.2887	267676.2923570218	46303028	46739115	47007034	44737050	47738036	113233392.7143	164805.13265393805	113234505	113505047	113612387	112750486	113759168	161496.3447	2071.326758890028	161407	164999	166856	156188	170862	2.444967455585413	0.01361187438171402	2.445385641	2.464535835	2.476786551	2.369895434	2.522443165	0.0034870315094905147	0.00004531792211313489	0.00348572	0.003565962	0.003602328	0.003362781	0.003685969
2	server	classical	10.0p1-7	RSA(3072)	1001	110898332.3796	775190.176708104	110889617	112209297	112971014	108312356	114061030	199082783.0889	325667.7156248511	199057853	199643857	200011216	198230209	200392726	446081.8092	4049.500140085891	445841	452886	456859	437559	461328	1.795265622875128	0.012196322245453499	1.795313239	1.815066422	1.820498059	1.749541521	1.839309986	0.004022604525474521	0.00004332053859269989	0.004022021	0.0040939	0.004124261	0.003905184	0.004190311
20	client	pqc	9.7-LibOQS	ML-DSA(65)	1001	21163730.3876	371506.2303092954	21090217	21927962	22380476	20400236	23111577	29193354.1029	677542.316356687	28987127	30631908	31712860	28480068	33301280	107995.4905	672.7877779507141	108063	108898	109260	103640	109989	1.3793372106143855	0.015216809201667451	1.378090714	1.405886163	1.424938906	1.322882894	1.460668414	0.005104207870129873	0.00008253956086584864	0.00511889	0.005205721	0.00525125	0.004538507	0.005281646
20	server	pqc	9.7-LibOQS	ML-DSA(65)	1001	65767967.2158	605611.0073677812	65750161	66776971	67378773	63589034	68901179	86036769.9391	624539.3557031365	85851696	87271109	88056456	85314999	89634860	313978.2917	906.8361830128003	313974	315451	316116	310543	318446	1.3082511422727279	0.010671643661258308	1.307716223	1.326071914	1.334900783	1.268057283	1.358981471	0.004774428034965039	0.000045423044318448856	0.004774003	0.004846612	0.004883682	0.004567947	0.004923569
21	client	pqc	9.7-LibOQS	ML-DSA(87)	1001	21743004.3956	383048.9631448842	21664090	22428316	23020773	20999771	25172095	30671559.8851	677766.0506372723	30440226	32012839	33240865	29985757	35544714	109944.044	542.0675438226415	109944	110802	111441	107986	112251	1.4106027624825181	0.015212376416946831	1.409204898	1.43543221	1.451324727	1.267091396	1.482425633	0.005057872035964041	0.00007990424045878094	0.005072924	0.005165982	0.005200177	0.004403129	0.005231976
21	server	pqc	9.7-LibOQS	ML-DSA(87)	1001	66908715.7393	671255.8683344261	66878754	68033273	68707848	64788152	70247901	88598995.3666	676517.1720728617	88408807	89863075	91233722	87857837	93357857	319592.6344	881.9829262393903	319599	321024	321719	316560	323655	1.324256227732267	0.011596634748101716	1.323721431	1.34423405	1.352153287	1.283634026	1.361134869	0.004776999055944052	0.00004696948964950407	0.004778028	0.004852481	0.004887596	0.00457904	0.004949562
3	client	classical	9.2p1	RSA(4096)	1001	57031479.1598	248411.3964546944	57021879	57485051	57639307	56470923	57838589	151922354.8062	146523.7027551855	151918155	152158739	152266872	151453938	152354386	151702.3856	2173.4802992327436	151587	155533	157012	146583	159382	2.6638811905044943	0.011280084884638285	2.6640119	2.679879696	2.684599906	2.626048795	2.688891555	0.0026600073436563445	0.00003854556905035625	0.00265802	0.002728253	0.002752602	0.002553164	0.002798847
3	server	classical	9.2p1	RSA(4096)	1001	128510081.1578	689812.8805704667	128495569	129571838	130530593	125810367	132993785	265882016.7303	382156.2851421248	265876400	266527915	266850231	264797563	267037886	431795.7213	3047.7135431724464	431350	437200	439936	424369	445370	2.069013625255746	0.010683911490657066	2.069168832	2.084868975	2.09359385	2.001887915	2.109720353	0.0033600930469530475	0.000027743046312739266	0.003358419	0.003406575	0.003435853	0.003256069	0.003464894
4	client	classical	9.2p1	Ed25519(256)	1001	36108859.7003	454614.3809244	36007279	37069215	37740592	35449116	38686811	89039030.7512	150977.07024965793	89048317	89273238	89334657	88547174	89474832	137633.014	2200.347427976797	137531	141506	143224	132098	145054	2.4662248967942024	0.03009272326545053	2.47265313	2.500727468	2.50618682	2.300111399	2.512108723	0.0038121201488511515	0.00007267844770497473	0.003814392	0.003925577	0.003970297	0.003539098	0.004023238
4	server	classical	9.2p1	Ed25519(256)	1001	85354715.6793	720892.6954921543	85315996	86669029	87532894	83118028	88460555	141650220.4815	212897.7059762099	141632836	142039389	142306089	140969811	142602722	374255.1119	2988.360338959906	373661	379763	382490	366625	385572	1.659661556643355	0.013717340650590115	1.660071686	1.67950365	1.692014846	1.600555605	1.703054552	0.00438500484115884	0.000050025267405519714	0.004384572	0.004466471	0.004506414	0.004194388	0.004565147
5	client	hybrid	9.2p1	RSA(2048)	1001	488563874.3347	173502.62440357043	488553925	488832518	489098597	488086468	489597699	1112221674.6284	82276.73640726188	1112218701	1112354121	1112412903	1111949226	1112583070	177108.5485	2934.2301825010477	176882	182127	183726	168480	187102	2.2765125840979032	0.0007885013060542486	2.276572009	2.277771287	2.278167557	2.271743425	2.278520825	0.0003625073306693307	0.000005964247321460479	0.000362052	0.000372764	0.000375955	0.00034498	0.000382592
5	server	hybrid	9.2p1	RSA(2048)	1001	127897331.5684	647959.6847973997	127887482	128920316	129625784	125885001	130431662	232298257.0969	229519.82351722673	232273023	232774625	232976061	231737336	233201338	390419.1409	3130.4244215663252	389816	396284	400307	383027	405124	1.8163311600249763	0.008901971917198844	1.816510986	1.829644311	1.834660604	1.780463335	1.845083339	0.0030526683856143895	0.00002815105348670193	0.003050287	0.003103267	0.003133089	0.002974377	0.003158302
6	client	hybrid	9.2p1	RSA(4096)	1001	512956586.3147	236823.5709832786	512953625	513376562	513562598	512238228	513890917	1190216714.993	155853.93633471653	1190213056	1190472188	1190613153	1189782696	1190749102	192140.9051	2931.0557722404383	191956	197255	199001	184964	203242	2.320307376904093	0.0010424110533457619	2.320366123	2.321814898	2.322319255	2.31621805	2.323653053	0.0003745742527472532	0.0000056697491530979475	0.000374211	0.000384508	0.000387941	0.000360874	0.000396009
6	server	hybrid	9.2p1	RSA(4096)	1001	166939872.3277	717519.8702837059	166909509	168170970	168790810	164510360	169772904	352025456.8761	398935.5513517393	351993197	352732823	353037703	350900386	353691800	435251.2138	3269.211701045012	434703	441312	444505	427418	450583	2.1087321963256724	0.008715704876300833	2.108845753	2.121603138	2.128097339	2.069849179	2.141128424	0.002607272160839162	0.000021512083643038974	0.002605498	0.002645799	0.002669178	0.002535763	0.002709659
7	client	hybrid	9.2p1	Ed25519(256)	1001	491956512.957	407532.443505411	491859991	492862015	493501998	491312202	494334342	1127332117.4595	159139.09216191882	1127340436	1127570763	1127670009	1126695883	1127757925	177889.6653	2811.969745727561	177774	182783	184612	170831	186935	2.2915295273076897	0.0018903062399883521	2.292017676	2.293386991	2.293879761	2.280531804	2.294194141	0.00036159521678321685	0.000005668750270911414	0.000361304	0.000371353	0.000375091	0.000347376	0.000379245
7	server	hybrid	9.2p1	Ed25519(256)	1001	123758712.4496	750052.7273237633	123690268	125159559	125908143	121600761	126798213	227800005.3686	228446.27072759875	227782005	228241832	228458588	227209748	228914467	377143.2897	3093.161686039711	376523	382885	385929	369572	394628	1.8407436689660328	0.010909487666753558	1.841544423	1.857063255	1.864540491	1.795329844	1.87372838	0.0030475129330669306	0.000030449871552643938	0.003045071	0.003101914	0.003124801	0.00294817	0.003215949
8	client	hybrid	10.0p1-7	RSA(2048)	1001	36458951.8402	325853.3407494297	36430209	36951855	37189950	34969647	41109149	81574313.9211	125596.76927299188	81574252	81784687	81904412	81189472	81982608	159991.7832	2099.2397037875503	159857	163680	165696	154556	173531	2.2375963523706295	0.019057026517929142	2.238775699	2.263484712	2.273959256	1.986664623	2.331961314	0.004388544179820174	0.00006463424470027963	0.004385248	0.00449419	0.004548417	0.003852256	0.004707999
8	server	hybrid	10.0p1-7	RSA(2048)	1001	95168464.9361	799539.372946816	95138264	96563347	97523286	90295560	98294207	151438816.7303	273453.90729625156	151397734	151970882	152229028	150772716	152515895	430459.9241	4084.763103073394	430380	437685	440396	421224	445533	1.591376428509489	0.012864372598204176	1.591911068	1.610722089	1.619166602	1.547122373	1.675507765	0.004523384017982009	0.000051463492509891755	0.004520736	0.004611309	0.004650725	0.004342459	0.004729069
9	client	hybrid	10.0p1-7	RSA(3072)	1001	47461593.4276	309353.09276668535	47460909	47942944	48206641	46087383	48350251	116097888.4106	178352.62762830406	116097474	116389320	116503034	115555839	116854767	165995.3916	2097.2643473080625	165952	169604	171608	160665	172813	2.4462421521658335	0.015526268544061177	2.445693693	2.472100729	2.482706732	2.398799069	2.524825503	0.003497561408591407	0.00004573383095656743	0.003495241	0.00357528	0.003614099	0.003366754	0.00367426
9	server	hybrid	10.0p1-7	RSA(3072)	1001	111413832.3926	808719.0187198519	111370070	112755629	113537780	106908472	114667066	200588833.5205	319571.85876582173	200569943	201134564	201397735	199758368	202437838	447507.8721	3882.275597073499	447400	454215	457777	438694	460582	1.800485756568433	0.012922161054893484	1.801012951	1.819594998	1.830098801	1.752352039	1.875359251	0.004016815483516483	0.00004333631658348448	0.004015212	0.004087871	0.004116944	0.003882936	0.004220582
