"1";"client";"classical";"9.2p1";"RSA(2048)";"1001";"32670959,613400";"284045,284931";"32644650,000000";"33222227,000000";"33349411,000000";"31921282,000000";"33762292,000000";"73903161,136900";"78900,013167";"73901621,000000";"74028048,000000";"74086070,000000";"73683758,000000";"74149317,000000";"136403,222800";"2161,982597";"136271,000000";"140239,000000";"142307,000000";"131169,000000";"144044,000000";"2,262212";"0,019490";"2,264186";"2,289286";"2,292918";"2,188613";"2,315520";"0,004175";"0,000071";"0,004174";"0,004300";"0,004354";"0,004015";"0,004426"
"1";"server";"classical";"9.2p1";"RSA(2048)";"1001";"89576566,202800";"680217,230767";"89540747,000000";"90685037,000000";"91419752,000000";"87403169,000000";"92915549,000000";"146165106,042000";"212952,050442";"146150240,000000";"146541090,000000";"146823495,000000";"145574323,000000";"147211297,000000";"387393,389600";"2977,732346";"386706,000000";"393389,000000";"396136,000000";"379557,000000";"399988,000000";"1,631824";"0,012108";"1,632213";"1,649404";"1,659022";"1,572285";"1,672171";"0,004325";"0,000045";"0,004322";"0,004403";"0,004442";"0,004163";"0,004480"
"10";"client";"hybrid";"10.0p1-7";"RSA(4096)";"1001";"64440177,748300";"280913,188102";"64425472,000000";"64914819,000000";"65146563,000000";"63154974,000000";"65450834,000000";"169545499,181800";"230739,606288";"169544589,000000";"169902039,000000";"170099735,000000";"168805254,000000";"170311946,000000";"180894,815200";"2274,742947";"180637,000000";"184965,000000";"186744,000000";"175231,000000";"189732,000000";"2,631097";"0,010682";"2,631675";"2,646439";"2,655593";"2,592998";"2,682655";"0,002807";"0,000035";"0,002804";"0,002867";"0,002894";"0,002706";"0,002927"
"10";"server";"hybrid";"10.0p1-7";"RSA(4096)";"1001";"134367694,798200";"822227,398244";"134362965,000000";"135768463,000000";"136510574,000000";"131586247,000000";"137560384,000000";"270712074,542500";"401309,262486";"270697527,000000";"271401824,000000";"271713804,000000";"269477983,000000";"272628668,000000";"473200,124900";"4377,359928";"473007,000000";"480897,000000";"484067,000000";"462011,000000";"487959,000000";"2,014781";"0,011743";"2,015047";"2,032660";"2,041164";"1,973145";"2,051332";"0,003522";"0,000036";"0,003520";"0,003583";"0,003609";"0,003407";"0,003626"
"11";"client";"hybrid";"10.0p1-7";"Ed25519(256)";"1001";"36782758,072900";"431450,664015";"36693757,000000";"37740892,000000";"38312935,000000";"35553915,000000";"38785527,000000";"90608607,065900";"165252,684608";"90614678,000000";"90873546,000000";"90960033,000000";"90069284,000000";"91208007,000000";"150742,121900";"2094,001082";"150643,000000";"154300,000000";"155781,000000";"144326,000000";"159035,000000";"2,463668";"0,027967";"2,469300";"2,495739";"2,512886";"2,337044";"2,545726";"0,004099";"0,000068";"0,004101";"0,004207";"0,004249";"0,003874";"0,004371"
"11";"server";"hybrid";"10.0p1-7";"Ed25519(256)";"1001";"89426606,489500";"807640,861644";"89399938,000000";"90875581,000000";"91667066,000000";"87064540,000000";"92191949,000000";"145942911,585400";"250165,713671";"145915997,000000";"146405172,000000";"146627585,000000";"145275020,000000";"147113637,000000";"408445,953000";"4078,889816";"408206,000000";"415755,000000";"418547,000000";"398600,000000";"422798,000000";"1,632114";"0,014507";"1,632819";"1,654734";"1,662587";"1,584384";"1,676312";"0,004568";"0,000058";"0,004568";"0,004668";"0,004704";"0,004389";"0,004750"
"12";"client";"hybrid";"9.7-LibOQS";"RSA(3072)+FALCON(512)";"1001";"46389511,426600";"222886,042625";"46359076,000000";"46823234,000000";"46963647,000000";"45823993,000000";"47402548,000000";"110202899,683300";"141605,320169";"110204367,000000";"110435790,000000";"110506366,000000";"109823647,000000";"110775516,000000";"200402,683300";"2508,892575";"200243,000000";"204648,000000";"206666,000000";"192894,000000";"210760,000000";"2,375655";"0,011981";"2,377397";"2,392351";"2,397753";"2,325442";"2,400951";"0,004320";"0,000055";"0,004319";"0,004414";"0,004451";"0,004161";"0,004524"
"12";"server";"hybrid";"9.7-LibOQS";"RSA(3072)+FALCON(512)";"1001";"104298268,694300";"564190,708462";"104283219,000000";"105218764,000000";"105829648,000000";"102118281,000000";"106744727,000000";"203686531,158800";"278472,469586";"203674990,000000";"204135711,000000";"204381808,000000";"202821578,000000";"204818774,000000";"424782,457500";"3035,606157";"424751,000000";"429773,000000";"432493,000000";"415765,000000";"436987,000000";"1,952978";"0,010440";"1,952927";"1,969534";"1,978848";"1,908997";"1,994532";"0,004073";"0,000035";"0,004074";"0,004130";"0,004155";"0,003938";"0,004211"
"13";"client";"hybrid";"9.7-LibOQS";"RSA(3072)+ML-DSA(44)";"1001";"46069323,080900";"238679,010561";"46047281,000000";"46490473,000000";"46780142,000000";"45429589,000000";"47310874,000000";"109687634,345700";"402766,449549";"109594276,000000";"110474584,000000";"111072464,000000";"109031598,000000";"111996406,000000";"200280,004000";"2555,034682";"200114,000000";"204758,000000";"206904,000000";"192947,000000";"210222,000000";"2,380957";"0,008591";"2,381352";"2,394808";"2,401186";"2,337614";"2,404122";"0,004347";"0,000057";"0,004345";"0,004443";"0,004486";"0,004170";"0,004547"
"13";"server";"hybrid";"9.7-LibOQS";"RSA(3072)+ML-DSA(44)";"1001";"104485453,201800";"598810,546755";"104476959,000000";"105480432,000000";"105867621,000000";"100713691,000000";"106819282,000000";"204100189,339700";"463584,374499";"204038303,000000";"204952119,000000";"205554341,000000";"203034844,000000";"206919588,000000";"427228,124900";"2868,850538";"427245,000000";"431714,000000";"435137,000000";"417269,000000";"438283,000000";"1,953439";"0,010518";"1,953216";"1,969483";"1,978263";"1,917617";"2,021423";"0,004089";"0,000034";"0,004089";"0,004143";"0,004167";"0,003984";"0,004277"
"14";"client";"hybrid";"9.7-LibOQS";"RSA(3072)+SPHINCS(2128)";"1001";"75983278,798200";"303572,242349";"75923278,000000";"76548286,000000";"76718474,000000";"75319139,000000";"77000991,000000";"184307090,234800";"172723,501206";"184316832,000000";"184588366,000000";"184667649,000000";"183777285,000000";"184747246,000000";"200045,879100";"2580,674453";"199965,000000";"204292,000000";"206238,000000";"192003,000000";"208010,000000";"2,425664";"0,009478";"2,427801";"2,437709";"2,441159";"2,395144";"2,444413";"0,002633";"0,000035";"0,002633";"0,002693";"0,002714";"0,002529";"0,002740"
"14";"server";"hybrid";"9.7-LibOQS";"RSA(3072)+SPHINCS(2128)";"1001";"133210323,008000";"627772,032379";"133193225,000000";"134240317,000000";"134716054,000000";"131139196,000000";"136496364,000000";"276425934,881100";"314859,025813";"276404268,000000";"276985979,000000";"277219027,000000";"275425322,000000";"277713491,000000";"419530,293700";"3082,264558";"419427,000000";"424569,000000";"427588,000000";"406162,000000";"431364,000000";"2,075152";"0,009490";"2,075206";"2,090071";"2,096227";"2,030173";"2,105146";"0,003149";"0,000027";"0,003149";"0,003193";"0,003216";"0,003039";"0,003254"
"15";"client";"pqc";"9.7-LibOQS";"FALCON(512)";"1001";"20592010,065900";"192606,135753";"20616001,000000";"20874480,000000";"21026545,000000";"19766766,000000";"21540338,000000";"27997050,535500";"89071,309533";"28007064,000000";"28112385,000000";"28131003,000000";"27856162,000000";"28195461,000000";"105082,423600";"402,680333";"105088,000000";"105714,000000";"106040,000000";"103477,000000";"107604,000000";"1,359703";"0,010813";"1,360440";"1,375002";"1,378917";"1,295766";"1,417054";"0,005103";"0,000048";"0,005099";"0,005178";"0,005194";"0,004875";"0,005307"
"15";"server";"pqc";"9.7-LibOQS";"FALCON(512)";"1001";"64196387,244800";"519433,059202";"64220365,000000";"64962701,000000";"65702074,000000";"60634725,000000";"66027779,000000";"82519900,113900";"137945,022303";"82488651,000000";"82823052,000000";"83017280,000000";"82302924,000000";"83294632,000000";"302963,527500";"778,709045";"302926,000000";"304218,000000";"305070,000000";"299911,000000";"305761,000000";"1,285510";"0,010246";"1,285082";"1,301869";"1,310723";"1,249913";"1,362225";"0,004720";"0,000040";"0,004718";"0,004785";"0,004819";"0,004586";"0,004991"
"16";"client";"pqc";"9.7-LibOQS";"FALCON(1024)";"1001";"22383840,585400";"171363,192613";"22370157,000000";"22652008,000000";"22871626,000000";"21297488,000000";"24125262,000000";"31590233,619400";"90536,489860";"31626844,000000";"31705370,000000";"31730564,000000";"31436581,000000";"31785791,000000";"110372,803200";"527,363958";"110399,000000";"111095,000000";"111632,000000";"107267,000000";"112119,000000";"1,411373";"0,010831";"1,411886";"1,425774";"1,433034";"1,307812";"1,483137";"0,004931";"0,000040";"0,004936";"0,004980";"0,005019";"0,004577";"0,005193"
"16";"server";"pqc";"9.7-LibOQS";"FALCON(1024)";"1001";"66592660,180800";"549335,835149";"66640944,000000";"67412799,000000";"67921087,000000";"64234686,000000";"68980081,000000";"87482850,709300";"132935,140478";"87456170,000000";"87761455,000000";"87973098,000000";"87276601,000000";"88305409,000000";"313859,317700";"856,971567";"313830,000000";"315257,000000";"315791,000000";"311036,000000";"317743,000000";"1,313788";"0,010771";"1,313218";"1,331050";"1,341528";"1,268529";"1,361384";"0,004713";"0,000040";"0,004713";"0,004781";"0,004817";"0,004567";"0,004887"
"17";"client";"pqc";"9.7-LibOQS";"SPHINCS(2128)";"1001";"50300703,889100";"326859,380396";"50235042,000000";"50909894,000000";"51131383,000000";"49627277,000000";"51462821,000000";"102074630,584400";"134835,137230";"102073733,000000";"102290370,000000";"102370306,000000";"101713762,000000";"102457332,000000";"104577,446600";"498,696238";"104574,000000";"105387,000000";"105949,000000";"102670,000000";"106593,000000";"2,029368";"0,012479";"2,032628";"2,045999";"2,049547";"1,985822";"2,053453";"0,002079";"0,000015";"0,002081";"0,002101";"0,002112";"0,002021";"0,002126"
"17";"server";"pqc";"9.7-LibOQS";"SPHINCS(2128)";"1001";"93317918,998000";"632879,385744";"93315504,000000";"94371262,000000";"94873289,000000";"90305874,000000";"96522954,000000";"155578065,129900";"169342,922467";"155555636,000000";"155892746,000000";"156128016,000000";"155194795,000000";"156558968,000000";"298156,188800";"826,332248";"298169,000000";"299587,000000";"300116,000000";"295576,000000";"301336,000000";"1,667257";"0,011054";"1,667225";"1,684372";"1,691740";"1,611772";"1,723204";"0,003195";"0,000023";"0,003195";"0,003233";"0,003246";"0,003088";"0,003304"
"18";"client";"pqc";"9.7-LibOQS";"SPHINCS(2256)";"1001";"127001034,342700";"593206,854599";"126918966,000000";"127998344,000000";"128580188,000000";"125800115,000000";"128938437,000000";"294786387,509500";"152489,748472";"294784748,000000";"295030624,000000";"295123648,000000";"294248914,000000";"295279892,000000";"111540,576400";"731,092724";"111483,000000";"112662,000000";"114394,000000";"109031,000000";"115638,000000";"2,321183";"0,010615";"2,322831";"2,335904";"2,338652";"2,287173";"2,342632";"0,000878";"0,000007";"0,000878";"0,000888";"0,000902";"0,000860";"0,000909"
"18";"server";"pqc";"9.7-LibOQS";"SPHINCS(2256)";"1001";"169627260,942100";"753671,166214";"169594519,000000";"170928177,000000";"171513908,000000";"166655524,000000";"172519205,000000";"348506154,166800";"184797,399361";"348481978,000000";"348865257,000000";"349093479,000000";"348065723,000000";"349398222,000000";"305952,078900";"963,516755";"305866,000000";"307607,000000";"308910,000000";"301353,000000";"310551,000000";"2,054581";"0,009050";"2,054766";"2,068032";"2,074831";"2,019923";"2,092040";"0,001804";"0,000010";"0,001803";"0,001820";"0,001829";"0,001769";"0,001842"
"19";"client";"pqc";"9.7-LibOQS";"ML-DSA(44)";"1001";"20263958,855100";"235795,416341";"20227424,000000";"20710935,000000";"20960158,000000";"19655274,000000";"21397731,000000";"27394584,215800";"388769,252193";"27299323,000000";"28159465,000000";"28777672,000000";"26928505,000000";"29595627,000000";"104017,330700";"479,548479";"104039,000000";"104738,000000";"105033,000000";"101204,000000";"105733,000000";"1,351899";"0,012178";"1,351757";"1,372521";"1,382439";"1,290669";"1,407183";"0,005134";"0,000056";"0,005140";"0,005214";"0,005251";"0,004881";"0,005278"
"19";"server";"pqc";"9.7-LibOQS";"ML-DSA(44)";"1001";"64231594,530500";"557576,861116";"64225105,000000";"65087299,000000";"65724416,000000";"61966345,000000";"66918312,000000";"82975538,998000";"395615,883241";"82876369,000000";"83774512,000000";"84276548,000000";"82438313,000000";"86447910,000000";"306953,039000";"870,165928";"306961,000000";"308381,000000";"308916,000000";"304136,000000";"310086,000000";"1,291895";"0,010532";"1,291688";"1,308340";"1,319891";"1,244856";"1,337006";"0,004779";"0,000045";"0,004776";"0,004852";"0,004889";"0,004578";"0,004984"
"2";"client";"classical";"10.0p1-7";"RSA(3072)";"1001";"46314283,288700";"267676,292357";"46303028,000000";"46739115,000000";"47007034,000000";"44737050,000000";"47738036,000000";"113233392,714300";"164805,132654";"113234505,000000";"113505047,000000";"113612387,000000";"112750486,000000";"113759168,000000";"161496,344700";"2071,326759";"161407,000000";"164999,000000";"166856,000000";"156188,000000";"170862,000000";"2,444967";"0,013612";"2,445386";"2,464536";"2,476787";"2,369895";"2,522443";"0,003487";"0,000045";"0,003486";"0,003566";"0,003602";"0,003363";"0,003686"
"2";"server";"classical";"10.0p1-7";"RSA(3072)";"1001";"110898332,379600";"775190,176708";"110889617,000000";"112209297,000000";"112971014,000000";"108312356,000000";"114061030,000000";"199082783,088900";"325667,715625";"199057853,000000";"199643857,000000";"200011216,000000";"198230209,000000";"200392726,000000";"446081,809200";"4049,500140";"445841,000000";"452886,000000";"456859,000000";"437559,000000";"461328,000000";"1,795266";"0,012196";"1,795313";"1,815066";"1,820498";"1,749542";"1,839310";"0,004023";"0,000043";"0,004022";"0,004094";"0,004124";"0,003905";"0,004190"
"20";"client";"pqc";"9.7-LibOQS";"ML-DSA(65)";"1001";"21163730,387600";"371506,230309";"21090217,000000";"21927962,000000";"22380476,000000";"20400236,000000";"23111577,000000";"29193354,102900";"677542,316357";"28987127,000000";"30631908,000000";"31712860,000000";"28480068,000000";"33301280,000000";"107995,490500";"672,787778";"108063,000000";"108898,000000";"109260,000000";"103640,000000";"109989,000000";"1,379337";"0,015217";"1,378091";"1,405886";"1,424939";"1,322883";"1,460668";"0,005104";"0,000083";"0,005119";"0,005206";"0,005251";"0,004539";"0,005282"
"20";"server";"pqc";"9.7-LibOQS";"ML-DSA(65)";"1001";"65767967,215800";"605611,007368";"65750161,000000";"66776971,000000";"67378773,000000";"63589034,000000";"68901179,000000";"86036769,939100";"624539,355703";"85851696,000000";"87271109,000000";"88056456,000000";"85314999,000000";"89634860,000000";"313978,291700";"906,836183";"313974,000000";"315451,000000";"316116,000000";"310543,000000";"318446,000000";"1,308251";"0,010672";"1,307716";"1,326072";"1,334901";"1,268057";"1,358981";"0,004774";"0,000045";"0,004774";"0,004847";"0,004884";"0,004568";"0,004924"
"21";"client";"pqc";"9.7-LibOQS";"ML-DSA(87)";"1001";"21743004,395600";"383048,963145";"21664090,000000";"22428316,000000";"23020773,000000";"20999771,000000";"25172095,000000";"30671559,885100";"677766,050637";"30440226,000000";"32012839,000000";"33240865,000000";"29985757,000000";"35544714,000000";"109944,044000";"542,067544";"109944,000000";"110802,000000";"111441,000000";"107986,000000";"112251,000000";"1,410603";"0,015212";"1,409205";"1,435432";"1,451325";"1,267091";"1,482426";"0,005058";"0,000080";"0,005073";"0,005166";"0,005200";"0,004403";"0,005232"
"21";"server";"pqc";"9.7-LibOQS";"ML-DSA(87)";"1001";"66908715,739300";"671255,868334";"66878754,000000";"68033273,000000";"68707848,000000";"64788152,000000";"70247901,000000";"88598995,366600";"676517,172073";"88408807,000000";"89863075,000000";"91233722,000000";"87857837,000000";"93357857,000000";"319592,634400";"881,982926";"319599,000000";"321024,000000";"321719,000000";"316560,000000";"323655,000000";"1,324256";"0,011597";"1,323721";"1,344234";"1,352153";"1,283634";"1,361135";"0,004777";"0,000047";"0,004778";"0,004852";"0,004888";"0,004579";"0,004950"
"3";"client";"classical";"9.2p1";"RSA(4096)";"1001";"57031479,159800";"248411,396455";"57021879,000000";"57485051,000000";"57639307,000000";"56470923,000000";"57838589,000000";"151922354,806200";"146523,702755";"151918155,000000";"152158739,000000";"152266872,000000";"151453938,000000";"152354386,000000";"151702,385600";"2173,480299";"151587,000000";"155533,000000";"157012,000000";"146583,000000";"159382,000000";"2,663881";"0,011280";"2,664012";"2,679880";"2,684600";"2,626049";"2,688892";"0,002660";"0,000039";"0,002658";"0,002728";"0,002753";"0,002553";"0,002799"
"3";"server";"classical";"9.2p1";"RSA(4096)";"1001";"128510081,157800";"689812,880570";"128495569,000000";"129571838,000000";"130530593,000000";"125810367,000000";"132993785,000000";"265882016,730300";"382156,285142";"265876400,000000";"266527915,000000";"266850231,000000";"264797563,000000";"267037886,000000";"431795,721300";"3047,713543";"431350,000000";"437200,000000";"439936,000000";"424369,000000";"445370,000000";"2,069014";"0,010684";"2,069169";"2,084869";"2,093594";"2,001888";"2,109720";"0,003360";"0,000028";"0,003358";"0,003407";"0,003436";"0,003256";"0,003465"
"4";"client";"classical";"9.2p1";"Ed25519(256)";"1001";"36108859,700300";"454614,380924";"36007279,000000";"37069215,000000";"37740592,000000";"35449116,000000";"38686811,000000";"89039030,751200";"150977,070250";"89048317,000000";"89273238,000000";"89334657,000000";"88547174,000000";"89474832,000000";"137633,014000";"2200,347428";"137531,000000";"141506,000000";"143224,000000";"132098,000000";"145054,000000";"2,466225";"0,030093";"2,472653";"2,500727";"2,506187";"2,300111";"2,512109";"0,003812";"0,000073";"0,003814";"0,003926";"0,003970";"0,003539";"0,004023"
"4";"server";"classical";"9.2p1";"Ed25519(256)";"1001";"85354715,679300";"720892,695492";"85315996,000000";"86669029,000000";"87532894,000000";"83118028,000000";"88460555,000000";"141650220,481500";"212897,705976";"141632836,000000";"142039389,000000";"142306089,000000";"140969811,000000";"142602722,000000";"374255,111900";"2988,360339";"373661,000000";"379763,000000";"382490,000000";"366625,000000";"385572,000000";"1,659662";"0,013717";"1,660072";"1,679504";"1,692015";"1,600556";"1,703055";"0,004385";"0,000050";"0,004385";"0,004466";"0,004506";"0,004194";"0,004565"
"5";"client";"hybrid";"9.2p1";"RSA(2048)";"1001";"488563874,334700";"173502,624404";"488553925,000000";"488832518,000000";"489098597,000000";"488086468,000000";"489597699,000000";"1112221674,628400";"82276,736407";"1112218701,000000";"1112354121,000000";"1112412903,000000";"1111949226,000000";"1112583070,000000";"177108,548500";"2934,230183";"176882,000000";"182127,000000";"183726,000000";"168480,000000";"187102,000000";"2,276513";"0,000789";"2,276572";"2,277771";"2,278168";"2,271743";"2,278521";"0,000363";"0,000006";"0,000362";"0,000373";"0,000376";"0,000345";"0,000383"
"5";"server";"hybrid";"9.2p1";"RSA(2048)";"1001";"127897331,568400";"647959,684797";"127887482,000000";"128920316,000000";"129625784,000000";"125885001,000000";"130431662,000000";"232298257,096900";"229519,823517";"232273023,000000";"232774625,000000";"232976061,000000";"231737336,000000";"233201338,000000";"390419,140900";"3130,424422";"389816,000000";"396284,000000";"400307,000000";"383027,000000";"405124,000000";"1,816331";"0,008902";"1,816511";"1,829644";"1,834661";"1,780463";"1,845083";"0,003053";"0,000028";"0,003050";"0,003103";"0,003133";"0,002974";"0,003158"
"6";"client";"hybrid";"9.2p1";"RSA(4096)";"1001";"512956586,314700";"236823,570983";"512953625,000000";"513376562,000000";"513562598,000000";"512238228,000000";"513890917,000000";"1190216714,993000";"155853,936335";"1190213056,000000";"1190472188,000000";"1190613153,000000";"1189782696,000000";"1190749102,000000";"192140,905100";"2931,055772";"191956,000000";"197255,000000";"199001,000000";"184964,000000";"203242,000000";"2,320307";"0,001042";"2,320366";"2,321815";"2,322319";"2,316218";"2,323653";"0,000375";"0,000006";"0,000374";"0,000385";"0,000388";"0,000361";"0,000396"
"6";"server";"hybrid";"9.2p1";"RSA(4096)";"1001";"166939872,327700";"717519,870284";"166909509,000000";"168170970,000000";"168790810,000000";"164510360,000000";"169772904,000000";"352025456,876100";"398935,551352";"351993197,000000";"352732823,000000";"353037703,000000";"350900386,000000";"353691800,000000";"435251,213800";"3269,211701";"434703,000000";"441312,000000";"444505,000000";"427418,000000";"450583,000000";"2,108732";"0,008716";"2,108846";"2,121603";"2,128097";"2,069849";"2,141128";"0,002607";"0,000022";"0,002605";"0,002646";"0,002669";"0,002536";"0,002710"
"7";"client";"hybrid";"9.2p1";"Ed25519(256)";"1001";"491956512,957000";"407532,443505";"491859991,000000";"492862015,000000";"493501998,000000";"491312202,000000";"494334342,000000";"1127332117,459500";"159139,092162";"1127340436,000000";"1127570763,000000";"1127670009,000000";"1126695883,000000";"1127757925,000000";"177889,665300";"2811,969746";"177774,000000";"182783,000000";"184612,000000";"170831,000000";"186935,000000";"2,291530";"0,001890";"2,292018";"2,293387";"2,293880";"2,280532";"2,294194";"0,000362";"0,000006";"0,000361";"0,000371";"0,000375";"0,000347";"0,000379"
"7";"server";"hybrid";"9.2p1";"Ed25519(256)";"1001";"123758712,449600";"750052,727324";"123690268,000000";"125159559,000000";"125908143,000000";"121600761,000000";"126798213,000000";"227800005,368600";"228446,270728";"227782005,000000";"228241832,000000";"228458588,000000";"227209748,000000";"228914467,000000";"377143,289700";"3093,161686";"376523,000000";"382885,000000";"385929,000000";"369572,000000";"394628,000000";"1,840744";"0,010909";"1,841544";"1,857063";"1,864540";"1,795330";"1,873728";"0,003048";"0,000030";"0,003045";"0,003102";"0,003125";"0,002948";"0,003216"
"8";"client";"hybrid";"10.0p1-7";"RSA(2048)";"1001";"36458951,840200";"325853,340749";"36430209,000000";"36951855,000000";"37189950,000000";"34969647,000000";"41109149,000000";"81574313,921100";"125596,769273";"81574252,000000";"81784687,000000";"81904412,000000";"81189472,000000";"81982608,000000";"159991,783200";"2099,239704";"159857,000000";"163680,000000";"165696,000000";"154556,000000";"173531,000000";"2,237596";"0,019057";"2,238776";"2,263485";"2,273959";"1,986665";"2,331961";"0,004389";"0,000065";"0,004385";"0,004494";"0,004548";"0,003852";"0,004708"
"8";"server";"hybrid";"10.0p1-7";"RSA(2048)";"1001";"95168464,936100";"799539,372947";"95138264,000000";"96563347,000000";"97523286,000000";"90295560,000000";"98294207,000000";"151438816,730300";"273453,907296";"151397734,000000";"151970882,000000";"152229028,000000";"150772716,000000";"152515895,000000";"430459,924100";"4084,763103";"430380,000000";"437685,000000";"440396,000000";"421224,000000";"445533,000000";"1,591376";"0,012864";"1,591911";"1,610722";"1,619167";"1,547122";"1,675508";"0,004523";"0,000051";"0,004521";"0,004611";"0,004651";"0,004342";"0,004729"
"9";"client";"hybrid";"10.0p1-7";"RSA(3072)";"1001";"47461593,427600";"309353,092767";"47460909,000000";"47942944,000000";"48206641,000000";"46087383,000000";"48350251,000000";"116097888,410600";"178352,627628";"116097474,000000";"116389320,000000";"116503034,000000";"115555839,000000";"116854767,000000";"165995,391600";"2097,264347";"165952,000000";"169604,000000";"171608,000000";"160665,000000";"172813,000000";"2,446242";"0,015526";"2,445694";"2,472101";"2,482707";"2,398799";"2,524826";"0,003498";"0,000046";"0,003495";"0,003575";"0,003614";"0,003367";"0,003674"
"9";"server";"hybrid";"10.0p1-7";"RSA(3072)";"1001";"111413832,392600";"808719,018720";"111370070,000000";"112755629,000000";"113537780,000000";"106908472,000000";"114667066,000000";"200588833,520500";"319571,858766";"200569943,000000";"201134564,000000";"201397735,000000";"199758368,000000";"202437838,000000";"447507,872100";"3882,275597";"447400,000000";"454215,000000";"457777,000000";"438694,000000";"460582,000000";"1,800486";"0,012922";"1,801013";"1,819595";"1,830099";"1,752352";"1,875359";"0,004017";"0,000043";"0,004015";"0,004088";"0,004117";"0,003883";"0,004221"
